,posted,neighborhood,post title,number bedrooms,sqft,URL,price
0,2019-10-14 20:03:00,(Aptos,"1 Bed, 1 Bath apt /w ocean views & large private landscaped yard",1.0,850.0,https://sfbay.craigslist.org/scz/apa/d/aptos-1-bed-1-bath-apt-ocean-views/6999783806.html,2300
1,2019-10-14 19:49:00,(Capitola,Rosedale Apartments,2.0,800.0,https://sfbay.craigslist.org/scz/apa/d/capitola-rosedale-apartments/6995607888.html,2195
2,2019-10-14 19:48:00,(Capitola,Capitola Hill Apartments near Gayle's Bakery,1.0,630.0,https://sfbay.craigslist.org/scz/apa/d/capitola-capitola-hill-apartments-near/6995330674.html,1875
3,2019-10-14 19:05:00,(Santa Cruz,One level 2 bedroom duplex with garage n pvt yard near 41st ave.,2.0,1000.0,https://sfbay.craigslist.org/scz/apa/d/santa-cruz-one-level-2-bedroom-duplex/6999758804.html,2250
4,2019-10-14 19:00:00,(Aptos,Aptos/Seascape Townhome  Spacious 2Bd/2Ba $2600/mo,2.0,1475.0,https://sfbay.craigslist.org/scz/apa/d/aptos-aptos-seascape-townhome-spacious/6986406261.html,2600
5,2019-10-14 18:45:00,(Santa Cruz,"Jr 1br Top Floor, Corner Unit - Take Over Lease - $1950",1.0,345.0,https://sfbay.craigslist.org/scz/apa/d/jr-1br-top-floor-corner-unit-take-over/6994998566.html,1950
6,2019-10-14 18:21:00,(Santa Cruz,Pet Friendly Walk to Beach November FREE,2.0,771.0,https://sfbay.craigslist.org/scz/apa/d/santa-cruz-pet-friendly-walk-to-beach/6999733443.html,3055
7,2019-10-14 17:55:00,"(6440 Highway 9, Felton, Ca 95018",On the River! - Great Studio Cottage $1300 + $100 utilities,,300.0,https://sfbay.craigslist.org/scz/apa/d/mount-hermon-on-the-river-great-studio/6999729612.html,1300
8,2019-10-14 17:37:00,(Santa Cruz,5 bedroom home by the beach,5.0,2400.0,https://sfbay.craigslist.org/scz/apa/d/santa-cruz-5-bedroom-home-by-the-beach/6999720069.html,6425
9,2019-10-14 17:29:00,(Watsonville,Beatiful Townhome,2.0,1000.0,https://sfbay.craigslist.org/scz/apa/d/beatiful-townhome/6999716178.html,3050
10,2019-10-14 17:29:00,(Santa Cruz,"Mountain Community Serene, Private setting with lovely views",4.0,3094.0,https://sfbay.craigslist.org/scz/apa/d/mountain-community-serene-private/6999715871.html,3800
11,2019-10-14 17:11:00,(Santa Cruz,3x2 Townhouse Available NOW in Desirable Seabright Area,3.0,1444.0,https://sfbay.craigslist.org/scz/apa/d/santa-cruz-3x2-townhouse-available-now/6985554637.html,3649
12,2019-10-14 17:11:00,(Santa Cruz,"Near the Boardwalk, Beach and Downtown! UTILITIES INCLUDED!",1.0,,https://sfbay.craigslist.org/scz/apa/d/santa-cruz-near-the-boardwalk-beach-and/6991881009.html,1694
13,2019-10-14 16:53:00,(Santa Cruz,"Perfect Downtown Location, Walk to Shops, Beach ~Beautiful 2 Bedroom!",2.0,837.0,https://sfbay.craigslist.org/scz/apa/d/santa-cruz-perfect-downtown-location/6999696501.html,4189
14,2019-10-14 16:33:00,(Santa Cruz,2 Bdrm Private Sanctuary in the heart of Seabright,2.0,1050.0,https://sfbay.craigslist.org/scz/apa/d/santa-cruz-2-bdrm-private-sanctuary-in/6995513019.html,2900
15,2019-10-14 16:33:00,(Santa Cruz,"1 bed 1 bath + DEN, perfect for office, guest or storage. 3rd floor",1.0,835.0,https://sfbay.craigslist.org/scz/apa/d/santa-cruz-1-bed-1-bath-den-perfect-for/6999684395.html,2150
16,2019-10-14 16:31:00,(Santa Cruz,Beautiful Studio Home! Great Location! Pet Friendly!,1.0,345.0,https://sfbay.craigslist.org/scz/apa/d/santa-cruz-beautiful-studio-home-great/6999682989.html,1875
17,2019-10-14 16:30:00,(Santa Cruz,Beautiful Junior 1 Bedroom Home! Great Location! Pet Friendly!,1.0,345.0,https://sfbay.craigslist.org/scz/apa/d/santa-cruz-beautiful-junior-1-bedroom/6999682646.html,1945
18,2019-10-14 16:18:00,(Aptos,Fresh newly remodeld Aptos apartment,1.0,475.0,https://sfbay.craigslist.org/scz/apa/d/aptos-fresh-newly-remodeld-aptos/6999675028.html,1825
19,2019-10-14 16:18:00,(Santa Cruz,Great 1-Bedroom Apartment in Ben Lomond,1.0,700.0,https://sfbay.craigslist.org/scz/apa/d/ben-lomond-great-1-bedroom-apartment-in/6999674890.html,1795
20,2019-10-14 16:13:00,(Santa Cruz,"1 bedroom, 1 bathroom apartment in Santa Cruz! ""BT Properties""",1.0,,https://sfbay.craigslist.org/scz/apa/d/santa-cruz-1-bedroom-1-bathroom/6999672307.html,1995
21,2019-10-14 15:59:00,(Santa Cruz,"Beautiful Grounds, Newly Renovated Interiors & Exteriors, Pet Friendly",2.0,818.0,https://sfbay.craigslist.org/scz/apa/d/santa-cruz-beautiful-grounds-newly/6999662421.html,3050
22,2019-10-14 15:55:00,(Santa Cruz,"Pet Friendly Apartment Homes, Conveniently Located, Nestled In Nature",2.0,,https://sfbay.craigslist.org/scz/apa/d/santa-cruz-pet-friendly-apartment-homes/6999660318.html,2495
23,2019-10-14 15:53:00,(Santa Cruz,"Newly Renovated Apartment Homes, LIVE In Style In Santa Cruz",2.0,818.0,https://sfbay.craigslist.org/scz/apa/d/santa-cruz-newly-renovated-apartment/6999658860.html,3350
24,2019-10-14 15:52:00,(Santa Cruz,"Walking Distance To Natural Bridges, Nature Paths, Close To Everything",2.0,818.0,https://sfbay.craigslist.org/scz/apa/d/santa-cruz-walking-distance-to-natural/6999658239.html,3350
25,2019-10-14 15:51:00,(Santa Cruz,Best On The Westside!! Apply Online Today!! Only A Few Apartments Left,1.0,818.0,https://sfbay.craigslist.org/scz/apa/d/santa-cruz-best-on-the-westside-apply/6999657517.html,3350
26,2019-10-14 15:50:00,(Santa Cruz,Only A Few Apartments Left! Immediate Move In Available!,2.0,657.0,https://sfbay.craigslist.org/scz/apa/d/santa-cruz-only-few-apartments-left/6999656950.html,3050
27,2019-10-14 15:41:00,(Santa Cruz,Spectacular Studio November Free Fur Friends Welcome,,440.0,https://sfbay.craigslist.org/scz/apa/d/santa-cruz-spectacular-studio-november/6999639754.html,2330
28,2019-10-14 15:37:00,(Santa Cruz,2 Bed/1 Bath $2100 Apartment in Santa Cruz,2.0,,https://sfbay.craigslist.org/scz/apa/d/santa-cruz-2-bed-1-bath-2100-apartment/6997537511.html,2100
29,2019-10-14 15:29:00,(Santa Cruz,Great Seabright Location:  Broadway and Ocean View  Sec 8 welcome,1.0,510.0,https://sfbay.craigslist.org/scz/apa/d/santa-cruz-great-seabright-location/6999642611.html,1840
30,2019-10-14 15:22:00,(Santa Cruz,1 Bedroom Apartment with Pool & Gym! Walk to beach!,1.0,624.0,https://sfbay.craigslist.org/scz/apa/d/santa-cruz-1-bedroom-apartment-with/6999626986.html,2355
31,2019-10-14 15:22:00,(Santa Cruz,"Modern, Pet-Friendly, 2 Bedroom Apartment- Walk to Beach!",2.0,860.0,https://sfbay.craigslist.org/scz/apa/d/santa-cruz-modern-pet-friendly-2/6999627443.html,2695
32,2019-10-14 15:04:00,(Aptos,Two bedroom house lots of windows and skylights,2.0,1250.0,https://sfbay.craigslist.org/scz/apa/d/aptos-two-bedroom-house-lots-of-windows/6999615322.html,2500
33,2019-10-14 14:59:00,(Santa Cruz,"Bright and airy 1 bd/1 ba, walking to downtown and beach, WD in unit!",1.0,700.0,https://sfbay.craigslist.org/scz/apa/d/santa-cruz-bright-and-airy-1-bd-1-ba/6999620664.html,2300
34,2019-10-14 14:56:00,(Santa Cruz,"ONE BDRM, Inc's. P G & E, GREAT SPACE  ( Mid-town )",1.0,468.0,https://sfbay.craigslist.org/scz/apa/d/santa-cruz-one-bdrm-incs-g-great-space/6990892804.html,2200
35,2019-10-14 14:31:00,(Capitola,Home in heart❤ of Capitola in Jewel Box! 2Bed 1Bath- 10min beach walk,2.0,1096.0,https://sfbay.craigslist.org/scz/apa/d/capitola-home-in-heart-of-capitola-in/6999599889.html,3800
36,2019-10-14 14:20:00,(Santa Cruz,MORNING WALKS ON THE BEACH? LIVE AT THE SANDS!,1.0,414.0,https://sfbay.craigslist.org/scz/apa/d/santa-cruz-morning-walks-on-the-beach/6999573508.html,1965
37,2019-10-14 14:17:00,(Santa Cruz,1 bed/1 bath Available in NOVEMBER!! Ground floor with PATIO!,1.0,525.0,https://sfbay.craigslist.org/scz/apa/d/santa-cruz-1-bed-1-bath-available-in/6999579169.html,2140
38,2019-10-14 14:14:00,(Santa Cruz,Let The Sun Shine In..Bright upstairs Unit is waiting for you!!,2.0,686.0,https://sfbay.craigslist.org/scz/apa/d/santa-cruz-let-the-sun-shine-inbright/6999576185.html,2600
39,2019-10-14 14:13:00,(Santa Cruz,"West Side Gem, Walk to the Beach!",3.0,1603.0,https://sfbay.craigslist.org/scz/apa/d/santa-cruz-west-side-gem-walk-to-the/6996248286.html,3975
40,2019-10-14 14:12:00,(Aptos,"Remodeled 4 BDR, Pool, Sunny & Quiet, Available Now",4.0,1614.0,https://sfbay.craigslist.org/scz/apa/d/aptos-remodeled-4-bdr-pool-sunny-quiet/6986748751.html,4200
41,2019-10-14 13:37:00,(Santa Cruz,* 1005 Cayuga Street * x/street Soquel Ave in the Seabright Area,2.0,,https://sfbay.craigslist.org/scz/apa/d/santa-cruz-cayuga-street-street-soquel/6989200858.html,2050
42,2019-10-14 13:37:00,(Santa Cruz,323½ Mt. View in the Seabright area of Santa Cruz,1.0,,https://sfbay.craigslist.org/scz/apa/d/santa-cruz-323-mt-view-in-the-seabright/6989176495.html,1600
43,2019-10-14 13:35:00,(Soquel,Single level condo close to Capitola and Soquel Village,2.0,924.0,https://sfbay.craigslist.org/scz/apa/d/soquel-single-level-condo-close-to/6999552711.html,2600
44,2019-10-14 13:33:00,(Aptos,Panoramic Ocean Views. Walk to Aptos Beaches. Enjoy beautiful Sunsets.,5.0,4200.0,https://sfbay.craigslist.org/scz/apa/d/aptos-panoramic-ocean-views-walk-to/6998252369.html,6995
45,2019-10-14 13:25:00,(Santa Cruz,"PRICE REDUCTION!!! 4 Bedrooms, 2 Bath Great Location",4.0,1200.0,https://sfbay.craigslist.org/scz/apa/d/santa-cruz-price-reduction-4-bedrooms-2/6992526880.html,3800
46,2019-10-14 13:24:00,(Santa Cruz,"Close to Hwy 1, Mid-town Shops!  3BD/2 Bath - large yard",3.0,,https://sfbay.craigslist.org/scz/apa/d/santa-cruz-close-to-hwy-1-mid-town/6991120889.html,3200
47,2019-10-14 13:15:00,(Santa Cruz,Available Now ~ One Bedroom Moderate Income Unit w. Washer n Dryer!,1.0,580.0,https://sfbay.craigslist.org/scz/apa/d/santa-cruz-available-now-one-bedroom/6999534431.html,1914
48,2019-10-14 13:12:00,(Santa Cruz,Beautiful large Townhome Available now!Near Beach!!!(Pet friendly!),3.0,1800.0,https://sfbay.craigslist.org/scz/apa/d/santa-cruz-beautiful-large-townhome/6999531684.html,3695
49,2019-10-14 13:10:00,(Capitola,"OPEN HOUSE TODAY 2:30-3:30 Custom remodel, walk to Capitola Village!",2.0,1250.0,https://sfbay.craigslist.org/scz/apa/d/capitola-open-house-today-custom/6999529773.html,3295
50,2019-10-14 13:04:00,(Aptos,Aptos  - Overlooking Ocean with 180 degree views,3.0,2600.0,https://sfbay.craigslist.org/scz/apa/d/aptos-aptos-overlooking-ocean-with-180/6982714632.html,4500
51,2019-10-14 13:04:00,(Capitola,Capitola - Location walk to Beach,2.0,1000.0,https://sfbay.craigslist.org/scz/apa/d/capitola-capitola-location-walk-to-beach/6991135564.html,2800
52,2019-10-14 12:50:00,(Aptos,Posh House at Rio Del Mar Beach,2.0,1200.0,https://sfbay.craigslist.org/scz/apa/d/aptos-posh-house-at-rio-del-mar-beach/6999511313.html,3000
53,2019-10-14 12:48:00,(Santa Cruz,"Leasing Now, Fitness Center, Walking Paths, Pets OK",,638.0,https://sfbay.craigslist.org/scz/apa/d/santa-cruz-leasing-now-fitness-center/6999509698.html,2730
54,2019-10-14 12:27:00,(Felton,Studio with loft & deck,,,https://sfbay.craigslist.org/scz/apa/d/scotts-valley-studio-with-loft-deck/6997741898.html,1800
55,2019-10-14 12:13:00,(Santa Cruz,247 s.f. Studio plus Loft,,,https://sfbay.craigslist.org/scz/apa/d/santa-cruz-247-sf-studio-plus-loft/6997110445.html,1150
56,2019-10-14 12:11:00,(Santa Cruz,Westside Santa Cruz home close to UCSC. 121,4.0,1800.0,https://sfbay.craigslist.org/scz/apa/d/santa-cruz-westside-santa-cruz-home/6979908581.html,4900
57,2019-10-14 12:09:00,(Santa Cruz,Beach Side Living at its Finest! Pet Friendly 2 Bedroom!,2.0,950.0,https://sfbay.craigslist.org/scz/apa/d/beach-side-living-at-its-finest-pet/6999473615.html,3995
58,2019-10-14 12:06:00,(Santa Cruz,"READY NOW! MODERN, ELEGANT, IN THE HEART OF SANTA CRUZ!",,345.0,https://sfbay.craigslist.org/scz/apa/d/santa-cruz-ready-now-modern-elegant-in/6999470514.html,2180
59,2019-10-14 12:06:00,(Santa Cruz,Beautiful Junior 1 Bedroom Home! Great Location! Pet Friendly!,1.0,345.0,https://sfbay.craigslist.org/scz/apa/d/santa-cruz-beautiful-junior-1-bedroom/6999469981.html,1945
60,2019-10-14 11:58:00,(Santa Cruz,"Instant Beach Access to 26th Ave, HUGE YARD & CUTE!!",2.0,,https://sfbay.craigslist.org/scz/apa/d/santa-cruz-instant-beach-access-to-26th/6996698544.html,3000
61,2019-10-14 11:40:00,(Santa Cruz,Seabright Duplex-Open House Sun Oct. 20 @ 1:00-2:30PM,2.0,830.0,https://sfbay.craigslist.org/scz/apa/d/santa-cruz-seabright-duplex-open-house/6991207015.html,2790
62,2019-10-14 11:38:00,(Santa Cruz,2 Bedroom Pet friendly Near the Beach November FREE,2.0,771.0,https://sfbay.craigslist.org/scz/apa/d/santa-cruz-2-bedroom-pet-friendly-near/6999430007.html,3055
63,2019-10-14 11:35:00,(Aptos,Remodeled One Bedroom in Aptos!,1.0,550.0,https://sfbay.craigslist.org/scz/apa/d/aptos-remodeled-one-bedroom-in-aptos/6995385787.html,1995
64,2019-10-14 11:29:00,(Santa Cruz,Peaceful cottage,2.0,,https://sfbay.craigslist.org/scz/apa/d/santa-cruz-peaceful-cottage/6999434450.html,2000
65,2019-10-14 11:26:00,(Scotts Valley,Apartment in Duplex in the Redwoods,1.0,895.0,https://sfbay.craigslist.org/scz/apa/d/scotts-valley-apartment-in-duplex-in/6995528445.html,2095
66,2019-10-14 11:19:00,(Santa Cruz,"STUDIO STEPS FROM THE BEACH AND BOARDWALK, AVAILABLE NOW!",,230.0,https://sfbay.craigslist.org/scz/apa/d/santa-cruz-studio-steps-from-the-beach/6991967161.html,1575
67,2019-10-14 11:15:00,(Santa Cruz,Stand Alone Stucco On Beautiful Property,2.0,,https://sfbay.craigslist.org/scz/apa/d/santa-cruz-stand-alone-stucco-on/6999420760.html,2000
68,2019-10-14 11:07:00,(Santa Cruz,"Downtown and Beach Hill adjacent, Fully furnished, 2 BR, 2 BA home!",2.0,1260.0,https://sfbay.craigslist.org/scz/apa/d/santa-cruz-downtown-and-beach-hill/6987286750.html,2800
69,2019-10-14 11:04:00,(Santa Cruz,2 Bedroom Apartment Available Now! $100 Off If You Apply Today!,2.0,900.0,https://sfbay.craigslist.org/scz/apa/d/santa-cruz-2-bedroom-apartment/6999409780.html,2613
70,2019-10-14 11:04:00,(Santa Cruz,Cute Single Family Home ~ Great Location ~ Available NOW,2.0,1247.0,https://sfbay.craigslist.org/scz/apa/d/santa-cruz-cute-single-family-home/6999409463.html,3500
71,2019-10-14 11:02:00,(Santa Cruz,Spacious 1x1 Available! $100 OFF If You APPLY TODAY!,1.0,650.0,https://sfbay.craigslist.org/scz/apa/d/spacious-1x1-available-100-off-if-you/6999407836.html,2027
72,2019-10-14 10:58:00,(Santa Cruz,Live in the Heart of Santa Cruz in this Beautiful  1x1 w. Patio!,1.0,580.0,https://sfbay.craigslist.org/scz/apa/d/santa-cruz-live-in-the-heart-of-santa/6999403595.html,2783
73,2019-10-14 10:55:00,(Santa Cruz,Pacific Avenue Studio,,,https://sfbay.craigslist.org/scz/apa/d/santa-cruz-pacific-avenue-studio/6999400156.html,1566
74,2019-10-14 10:54:00,(Santa Cruz,Beach Hill Townhouse- single level,2.0,,https://sfbay.craigslist.org/scz/apa/d/santa-cruz-beach-hill-townhouse-single/6999399107.html,3750
75,2019-10-14 10:50:00,(Boulder Creek,1 Bed 1 Bath Condo in Boulder Creek | 108 Lake Dr #2,1.0,746.0,https://sfbay.craigslist.org/scz/apa/d/boulder-creek-1-bed-1-bath-condo-in/6994849724.html,1950
76,2019-10-14 10:47:00,(Scotts Valley,"Mold at Studio, Melin Ave, Ben Lomond: WARNING",1.0,,https://sfbay.craigslist.org/scz/apa/d/felton-mold-at-studio-melin-ave-ben/6999392977.html,0
77,2019-10-14 10:30:00,(Santa Cruz,Beautiful Ocean Front Apt @ Pleasure Point,2.0,850.0,https://sfbay.craigslist.org/scz/apa/d/santa-cruz-beautiful-ocean-front-apt/6996776514.html,3395
78,2019-10-14 10:21:00,(Santa Cruz,"Great Commute Location, Great One Level Home with Garage and Backyard!",2.0,864.0,https://sfbay.craigslist.org/scz/apa/d/santa-cruz-great-commute-location-great/6999366162.html,2300
79,2019-10-14 10:19:00,(Scotts Valley,"Beautifully Remodeled 2 Bed 1 Bath Duplex, everything is new!",2.0,880.0,https://sfbay.craigslist.org/scz/apa/d/mount-hermon-beautifully-remodeled-2/6999364217.html,2585
80,2019-10-14 10:12:00,(Santa Cruz,"Top Floor, 1BD, Reduced Rate! WD Included!!",1.0,790.0,https://sfbay.craigslist.org/scz/apa/d/santa-cruz-top-floor-1bd-reduced-rate/6995313600.html,2864
81,2019-10-14 10:10:00,(Santa Cruz,"Spacious Open Floor-Plan, Washer/Dryer In Unit, Ready 10/15!",2.0,1016.0,https://sfbay.craigslist.org/scz/apa/d/santa-cruz-spacious-open-floor-plan/6993609617.html,3405
82,2019-10-14 10:10:00,(Santa Cruz,"Incredible Amenities, Pet Friendly, Fitness Center, Minutes to UCSC",1.0,638.0,https://sfbay.craigslist.org/scz/apa/d/santa-cruz-incredible-amenities-pet/6999354200.html,2730
83,2019-10-14 09:47:00,(Prunedale,Looking for room for me and my kittens,1.0,,https://sfbay.craigslist.org/scz/apa/d/salinas-looking-for-room-for-me-and-my/6999328680.html,1000
84,2019-10-14 09:35:00,(Santa Cruz,"Beutiful , quiet",2.0,,https://sfbay.craigslist.org/scz/apa/d/santa-cruz-beutiful-quiet/6997500851.html,2275
85,2019-10-14 09:35:00,(Santa Cruz,Santa Cruz - 157 Franklin St. #17 Close to UCSC and downtown,2.0,775.0,https://sfbay.craigslist.org/scz/apa/d/santa-cruz-santa-cruz-franklin-st-17/6996779918.html,2450
86,2019-10-14 09:35:00,(Santa Cruz,Santa Cruz - 339 Walnut Ave. #9 - West Side Close to UCSC,2.0,,https://sfbay.craigslist.org/scz/apa/d/santa-cruz-santa-cruz-walnut-ave-9-west/6996785980.html,2250
87,2019-10-14 09:35:00,(Santa Cruz,"Santa Cruz, 422 8th Avenue Charming beach house at Twin Lakes Beach",2.0,,https://sfbay.craigslist.org/scz/apa/d/santa-cruz-santa-cruz-422-8th-avenue/6995533802.html,2200
88,2019-10-14 09:35:00,(Santa Cruz,Santa Cruz  4 BR Apartment - 75 Front St. #A,4.0,,https://sfbay.craigslist.org/scz/apa/d/santa-cruz-santa-cruz-4-br-apartment-75/6987671895.html,4800
89,2019-10-14 09:34:00,(Aptos,"Aptos, 219 Lamanda Large two story Rio Del Mar",4.0,,https://sfbay.craigslist.org/scz/apa/d/aptos-aptos-219-lamanda-large-two-story/6979844251.html,3850
90,2019-10-14 09:34:00,(Santa Cruz,"Santa Cruz, 121 Grant Street #4 Two story townhouse",2.0,,https://sfbay.craigslist.org/scz/apa/d/santa-cruz-santa-cruz-121-grant-street/6992532544.html,2450
91,2019-10-14 09:33:00,(Santa Cruz,"Santa Cruz, 224 Felix Street Nice single level unit in triplex",2.0,,https://sfbay.craigslist.org/scz/apa/d/santa-cruz-santa-cruz-224-felix-street/6992194917.html,2400
92,2019-10-14 09:33:00,(Santa Cruz,"Santa Cruz, 155 Anchorage Avenue Cozy home in desirable Pleasure Point",2.0,,https://sfbay.craigslist.org/scz/apa/d/santa-cruz-155-anchorage-avenue-cozy/6988606729.html,2650
93,2019-10-14 09:33:00,(Aptos,Aptos-Great location in quiet complex-6996 Soquel Dr. #32,2.0,,https://sfbay.craigslist.org/scz/apa/d/aptos-aptos-great-location-in-quiet/6994442473.html,2150
94,2019-10-14 09:33:00,(Santa Cruz,229 Buena Vista #A - Views of river and Boardwalk,3.0,,https://sfbay.craigslist.org/scz/apa/d/santa-cruz-229-buena-vista-views-of/6986417716.html,2950
95,2019-10-14 09:28:00,(Santa Cruz,Commuter Mountain Home,2.0,1100.0,https://sfbay.craigslist.org/scz/apa/d/scotts-valley-commuter-mountain-home/6999311692.html,2600
96,2019-10-14 09:24:00,(Santa Cruz,"Santa Cruz, 116 Castillion Terrace - West side Santa Cruz",2.0,,https://sfbay.craigslist.org/scz/apa/d/santa-cruz-santa-cruz-116-castillion/6990318330.html,2850
97,2019-10-14 09:13:00,(Aptos,Quiet Oceanview Retreat,1.0,550.0,https://sfbay.craigslist.org/scz/apa/d/quiet-oceanview-retreat/6997947306.html,1695
98,2019-10-14 08:56:00,(Santa Cruz,Just remodeled Seabright 2BR/1BA,2.0,870.0,https://sfbay.craigslist.org/scz/apa/d/santa-cruz-just-remodeled-seabright-2br/6999275999.html,2600
99,2019-10-14 08:55:00,(Santa Cruz,Beautiful Junior 1 Bedroom Home! Great Location! Pet Friendly!,1.0,345.0,https://sfbay.craigslist.org/scz/apa/d/santa-cruz-beautiful-junior-1-bedroom/6999277299.html,1945
100,2019-10-14 08:54:00,(Santa Cruz,Beautiful Junior 1 Bedroom Home! Great Location! Pet Friendly!,1.0,345.0,https://sfbay.craigslist.org/scz/apa/d/santa-cruz-beautiful-junior-1-bedroom/6999276945.html,1945
101,2019-10-14 08:51:00,(Capitola,Sunny Paradise located in the Heart of Capitola!,4.0,2524.0,https://sfbay.craigslist.org/scz/apa/d/capitola-sunny-paradise-located-in-the/6999272764.html,6000
102,2019-10-14 08:34:00,(Soquel,French Normandy Estate in Seacrest Neighborhood! - 4 Bed 4.5 Bath,4.0,4108.0,https://sfbay.craigslist.org/scz/apa/d/capitola-french-normandy-estate-in/6992756016.html,10000
103,2019-10-14 08:34:00,(Aptos,"Great 3br/2ba in sought after Aptos neighborhood, near the beach!",3.0,1390.0,https://sfbay.craigslist.org/scz/apa/d/aptos-great-3br-2ba-in-sought-after/6982789038.html,3400
104,2019-10-14 08:34:00,(Aptos,"2 Bedroom, 2 bathroom Duplex in Desirable Seascape Neighborhood",2.0,850.0,https://sfbay.craigslist.org/scz/apa/d/aptos-2-bedroom-2-bathroom-duplex-in/6980857253.html,2500
105,2019-10-14 08:33:00,(Aptos,Showcase 4bd/2.5ba Home in Desired Rio Del Mar Neighborhood,4.0,2275.0,https://sfbay.craigslist.org/scz/apa/d/aptos-showcase-4bd-25ba-home-in-desired/6982018565.html,5000
106,2019-10-14 08:22:00,(Capitola,Sharp 1 Bd/1 Ba Apt - Capitola - Peek of Bay near New Brighton Beach,,800.0,https://sfbay.craigslist.org/scz/apa/d/capitola-sharp-1-bd-1-ba-apt-capitola/6999245110.html,2025
107,2019-10-14 07:53:00,(Aptos,"House For Rent with 2-Car Garage, 3 Blocks From Beach",3.0,1250.0,https://sfbay.craigslist.org/scz/apa/d/aptos-house-for-rent-with-2-car-garage/6997764479.html,3100
108,2019-10-14 07:17:00,(Soquel,Work Exchange for Trailer in Sunny Soquel Hills,1.0,,https://sfbay.craigslist.org/scz/apa/d/capitola-work-exchange-for-trailer-in/6986179817.html,1
109,2019-10-14 06:57:00,(Santa Cruz,For Rent- Duplex- Single Story. Historic Mission Hill,2.0,1500.0,https://sfbay.craigslist.org/scz/apa/d/mount-hermon-for-rent-duplex-single/6993204165.html,3795
110,2019-10-14 06:20:00,(Santa Cruz,Westside 1 bd / 1 bath Upscale Apt. 5 min. walk to downtown,1.0,,https://sfbay.craigslist.org/scz/apa/d/santa-cruz-westside-1-bd-1-bath-upscale/6981035631.html,2295
111,2019-10-14 05:25:00,(Santa Cruz,Ocean View Townhouse  2 Bedrooms / 1.5 Baths,2.0,,https://sfbay.craigslist.org/scz/apa/d/santa-cruz-ocean-view-townhouse-2/6997687003.html,2295
112,2019-10-14 00:52:00,(Santa Cruz,Intimate Cottage Next to Shopping and Bus Lines,1.0,380.0,https://sfbay.craigslist.org/scz/apa/d/santa-cruz-intimate-cottage-next-to/6999072892.html,1695
113,2019-10-14 00:51:00,(Santa Cruz,SPACIOUS 2BR IN SEABRIGHT,2.0,760.0,https://sfbay.craigslist.org/scz/apa/d/santa-cruz-spacious-2br-in-seabright/6999072822.html,2495
114,2019-10-14 00:47:00,(Santa Cruz,The Best Downtown Location!!!!!!!!,1.0,,https://sfbay.craigslist.org/scz/apa/d/santa-cruz-the-best-downtown-location/6999072413.html,1900
115,2019-10-13 22:00:00,(Santa Cruz,Walk to Beach and Shops at Pleasure Point!,2.0,728.0,https://sfbay.craigslist.org/scz/apa/d/santa-cruz-walk-to-beach-and-shops-at/6995549240.html,2595
116,2019-10-13 21:35:00,(Aptos,Fully furnished short term rental in Seacliff,3.0,1136.0,https://sfbay.craigslist.org/scz/apa/d/aptos-fully-furnished-short-term-rental/6999044448.html,3300
117,2019-10-13 20:45:00,(Scotts Valley,Small studio off of Highway 17 (no traffic noise though),,200.0,https://sfbay.craigslist.org/scz/apa/d/scotts-valley-small-studio-off-of/6999032248.html,1000
118,2019-10-13 19:32:00,(Watsonville,The Terrace at 445 Main Street Studio #310,1.0,365.0,https://sfbay.craigslist.org/scz/apa/d/watsonville-the-terrace-at-445-main/6999009282.html,1750
