[
 {
  "title": "Four short links: 25 October 2019",
  "content": "A Security Tale: A Timeline \u2014 the story of, and consequences of, one chap\u2019s insane workload being the NZ security person for Equifax during the fallout from the breach. Perfect storm of remote management, global demands, outsourced team, outsourced cloud providers\u2026and 18-hour days spent trying to cover your employer\u2019s ass. He talks about the logistic challenges, and then the personal costs. The phrase \u201cgiant pit of despair\u201d is appropriate. Look after yourself. A Kawaiicon talk. (via Fobski)Opinion of the Data Ethics Commission \u2014 proposing a sliding scale of regulation. For algorithmic systems, they propose a five-level model: no special measures for applications with zero or negligible potential for harm; measures such as formal and substantive requirements (e.g., transparency obligations, publication of a risk assessment) or monitoring procedures (e.g., disclosure obligations toward supervisory bodies, ex-post controls, audit procedures) for applications with some potential for harm; additional measures such as ex-ante approval procedures for applications with regular or significant potential for harm; additional measures such as live interface for \u201calways on\u201d oversight by supervisory institutions for appplications with serious potential for harm; and complete or partial ban of an algorithmic system for applications with an untenable potential for harm. The diagram is Figure 2 on page 19. (via Haydn Belfield)ASCIIdent \u2014 open-world sci-fi game with a design completely made by text characters. Commercial game with clever idea.A Data-Driven Reflection on 36 Years of Security and Privacy Research \u2014 Figure 1 is worth checking out. Interesting how no topic is as prevalent today as formalism or trust were in their heydays. Their research considers things like whether new topics are introduced by new authors or by old authors (most started by existing authors, but some important topics were started by new authors\u2014e.g., crypto protocols, side-channels, data privacy). (via Bruce Schneier\n",
  "link": "http://feedproxy.google.com/~r/oreilly/radar/atom/~3/__UtJ2B7De8/"
 },
 {
  "title": "Four short links: 24 October 2019",
  "content": "Quantum Supremacy: The Gloves are Off (Scott Aaronson) \u2014 Google demonstrated a quantum system that will be exponentially faster, as the number of qubits increases, than a classical system simulating the problem. IBM proposed a way of using the world\u2019s most powerful classical supercomputer (Summit) to brute force a solution faster than the method listed in Google\u2019s paper\u2014but the classical computer solution will still be exponentially slower, as the number of qubits increases linearly. If Google, or someone else, upgraded from 53 to 55 qubits, that would apparently already be enough to exceed Summit\u2019s 250 petabyte storage capacity. At 60 qubits, you\u2019d need 33 Summits. At 70 qubits, enough Summits to fill a city \u2026 you get the idea. Amusingly enough, Google made a particular engineering choice purely to extend the gap between quantum and the classical simulations they foresaw (missing IBM\u2019s \u201cjust brute force it, bro\u201d solution).VisibleV8 \u2014 mods for a V8 JavaScript engine that instruments JavaScript and logs a ton of stuff about function calls, property access, etc. See the paper.All Carrots and No Sticks: A Case Study on Social Credit Scores in Xiamen and Fuzhou (Berkman-Klein Center) \u2014 the most detailed look at the social credit system, and it\u2019s a long way from Black Mirror. The introduction of these city-level scores by city governments marks the entry of the government in the business of scoring citizens; however, implementation so far reveals a very basic attempt with numerous gaps and question marks, but a far cry from the Western media picture of an all-encompassing score enabled by mass surveillance.Schmelvetica \u2014 the original Smelvetica was a copy of Helvetica that had its kerning messed with, which made the originally very elegant font look \u2026 awful. The creator got a take-down notice. So here\u2019s a Python program that\u2019ll similarly abuse any font you give it. I don\u2019t know why I\u2019m attracted to this horror.\n",
  "link": "http://feedproxy.google.com/~r/oreilly/radar/atom/~3/zUeYDgO7Rh0/"
 },
 {
  "title": "Four short links: 23 October 2019",
  "content": "How Not to Rewrite it in Rust \u2014 A much better alternative is to reuse the original library and just publish a safe interface to it. As this comment on Lobsters says, Rust can add safety guarantees even to C code! When using a C library, you may need to know things such as \u201cif I pass a pointer to the library, who will free it and when?\u201d, \u201ccan this be NULL?\u201d, \u201cis this thread-safe?\u201d, \u201ccan I call this function more than once?\u201d. In C, these things are in the manual, but Rust can express them in the type system. When writing Rust wrappers, I literally copy prose from the documentation into Rust type system and have the compiler enforce RTFM!A Study on the Prevalence of WebAssembly in the Wild \u2014 we examine the prevalence of WebAssembly in the Alexa top one million websites and find that as many as one out of 600 sites execute Wasm code. Moreover, we perform several secondary analyses, including an evaluation of code characteristics and the assessment of a Wasm module\u2019s field of application. Based on this, we find that over 50% of all sites using WebAssembly apply it for malicious deeds, such as mining and obfuscation.Userland \u2014 an integrated dataflow environment for user applications. Very cool idea! Very early and docs not everywhere, but see this video for demos and explanation of philosophy. (via Twitter)Bigslice \u2014 a system for fast, large-scale, serverless data processing using Go.\n",
  "link": "http://feedproxy.google.com/~r/oreilly/radar/atom/~3/xgKiJNibrtI/"
 },
 {
  "title": "How social forces could drive blockchain demand",
  "content": "Technology does not make a market. People make a market. It\u2019s only when millions of people make individual decisions to use a new product or service that a technology takes hold. That is why it\u2019s critical to examine broader social forces when trying to understand how quickly a new technology will be adopted\u2014and to understand why blockchain technology is building momentum at this particularly potent time.\n\n\n\nIn the 1980s, scientists at European physics lab CERN were struggling to share and collaborate on their research. Tim Berners-Lee, a contractor with the lab, provided an answer: he created the World Wide Web. He designed this new platform to be permission-less and free, an open space for creativity, innovation, and free expression that transcended geographic and cultural boundaries.\n\n\n\nOur world is now 30 years into its internet-driven, digital-centric life. This has reshaped us, from how we run a household to how we do our jobs. It\u2019s changed the architecture of our expectations\u2014of what we expect a friend, colleague, or a business to be able to do. And it has given us unprecedented capability. This power has shaped markets, as businesses clamored to respond to the new customer we have become. Since the dawn of the web, it has moved us to a steadily escalating desire for more accountability, transparency, participation, inclusion, and openness.\n\n\n\nBut something else also happened, and we are increasingly aware of the implications of what we have created. Power has become concentrated in the hands of a few internet giants, who now wield undue influence. Our digital lives generate heaps of data that propagate beyond our intent and control. Malicious actors have found they can leverage our inability to distinguish real from fake in the digital world, to doctor our perception of reality with ease. How did this happen? A key driver: there was nothing in the internet\u2019s original specs to code direct trust between two participants.\n\n\n\nEnter blockchains\n\n\n\nIn this moment of increasing discontent, we\u2019re entering the dawn of the blockchain era. While we are still in the very early days, pioneers\u2014both in the enterprise and in blockchain-first startups\u2014are looking to leverage the technology to address this shortcoming in trust. Blockchains show potential to address key concerns of our digitally driven lives, such as a lack of transparency, accountability, verifiable identity, and control of data. Themes emerging in the work of the early pioneers seeking disruption include:\n\n\n\nDeeper transparency\n\n\nNot only are consumers demanding more transparency, but there are two business reasons for it: transparency can help optimize operations, and it can increase customer preference. Blockchains enable a permanent and tamper-proof record of a good\u2019s journey from origin to ultimate destination that anyone in the community can monitor and audit. Trust is based on code, mathematics, and cryptography, instead of having to trust in another party, or rely on central institutions to supervise or direct a relationship. This could ensure sensitive pharmaceuticals are kept at the right temperature, verify the provenance of intellectual property, identify whether fish came from a sustainable source, or find the point at which components \u201cdisappeared.\u201d There is even work to explore whether this functionality could help fight fake news.\nSelf-sovereign data\n\nThere is an assumption today that organizations that collect data own it, and have unfettered access to its use, as long as it\u2019s within the realm of privacy policies (which are rarely read by users). In the vision of many pioneers in the blockchain space, the \u201cownership\u201d of data would switch from the organization that gathers it to the individual or organization that contributed it. In this vision, data essentially would be \u201cvaulted\u201d (as in a black box) and decisions to use or sell that data would be controlled by the contributor. Access could be rescinded at any time. There are projects that are exploring versions of social media, ride-sharing, and other platforms that use this approach. But the story extends beyond the individual. With new cryptographic techniques that can enable analysis on the data without actually \u201cseeing\u201d it, data may one day be accessible outside of the corporate silos in which it currently resides. Imagine how our concept of big data could get bigger, for example, if the health care industry could safely share data across organizations, or how many more organizations could benefit from AI if more training data were available.\nMore equitable sharing of value\n\nToday, we freely give data, content, and other forms of value in exchange for the use of \u201cfree\u201d products. In the vision of blockchain pioneers, the technology can be used as the plumbing to facilitate a shift to a more collaborative relationship between business and customer. We can verify a contribution has come from a specific identity, track how it\u2019s used over time, and then compensate accordingly. This represents a paradigm shift\u2014these (unproven) business models are no longer a zero-sum game, but about creating value together. As the space evolves, innovators are likely to eventually identify viable alternatives that embody this paradigm. As consumers are exposed to these alternatives, they will be trained to recognize the true value of their contribution and will be influenced by which brands or businesses compensate them most fairly for the value they help create.\n\n\n\n\nWhere does change begin?\n\n\n\nOn the cusp of surpassing baby boomers as the nation\u2019s largest living adult generation, millennials are a massive force. In the United States, they are also becoming the wealthiest: over the next 30 years and as they are entering their prime earning years, millennials will inherit $30 trillion from their baby boomer parents and grandparents. Receptive and quick to adopt new technologies, millennials, through their influence and demands, have already played a huge role in shaping the way we shop, work, and live. They may very well be one of the first\u2014and highly influential\u2014major segments to adopt blockchain-fueled development. A recent Pew Research Center study found that just 19% of millennials (those born from 1981 to 1996, according to Pew Research) feel that \u201cmost people can be trusted.\u201d\n\n\n\nDisruption could also be spurred by an even younger generation. New York Times writer David Brooks traveled to college campuses to understand how students see the world. In a story he wrote after the experience, starkly titled \u201cA Generation Emerging from the Wreckage,\u201d Brooks describes a cohort with diminished expectations. Their lived experience includes the Iraq war, the financial crisis, police brutality, political fragmentation, and the advent of fake news as a social force. In short, an entire series of important moments in which \u201cbig institutions failed to provide basic security, competence, and accountability.\u201d To this cohort in particular, blockchains\u2019 promise of decentralization, with its built-in ability to ensure trust, is tantalizing. To circumvent and disintermediate institutions that have failed them is a ray of hope\u2014as is establishing trust, accountability, and veracity through technology, or even the potential to forge new connections across fragmented societies.\n\n\n\nThis latent demand is well aligned for the promise of blockchains. While it\u2019s a long road to maturity, these social forces provide a receptive environment, primed and ready for the moment entrepreneurs strike the right formula.\n",
  "link": "http://feedproxy.google.com/~r/oreilly/radar/atom/~3/sh0UUHmVXkE/"
 },
 {
  "title": "Four short links: 22 October 2019",
  "content": "Open Library Book Sponsorship \u2014 you pay and name the book, they digitize it.Public Impact Starter Kit \u2014 The diagnostic tool helps you improve the impact of a government initiative. Guiding you through an assessment of your policy against the nine elements of the Fundamentals framework, you\u2019ll determine whether the key drivers of policy success are in place. [\u2026] The nine-sided Fundamentals Map helps you map your policy against the Fundamentals framework to illustrate areas of strength and areas for improvement. [\u2026] The Checklist for Policymakers is a useful tool when you\u2019re developing or reviewing a policy. By checking off each of the nine elements of the Fundamentals framework, you can help maximize the likelihood of your policy being a success.  (via Danny Buerkli)Mantis \u2014 Netflix open sourced their platform to build an ecosystem of real-time stream processing applications. (via Medium)Unshaky \u2014 discards immediate second keypresses of the type generated by defective Apple butterfly keyboards.\n",
  "link": "http://feedproxy.google.com/~r/oreilly/radar/atom/~3/GELru7s4rTY/"
 },
 {
  "title": "Four short links: 21 October 2019",
  "content": "Memex \u2014 open source browser extension to full-text search your browsing history and bookmarks.Competition Programming and Problem Solving, Fall 2019 \u2014 CMU course.Pwnagotchi 1.0.0 \u2014 I wanted Alpha and Beta to be able to detect each other and exchange with each other very basic information\u2014but how do you communicate anything at all from a computer when: the main and only Wi-Fi interface is in monitor mode and already being used for Wi-Fi scanning, hopping, and frames injection; you have Bluetooth, but you want to keep it free for other uses (tethering, like we\u2019re doing today, or maybe integrating BLE attacks, too, some day); you\u2019re using the USB ports in gadget mode, so you can\u2019t use external USB devices, like another Wi-Fi.Turbo Rascal 1.0 \u2014 Pascal IDE for C64 games, with a ton of specialized features (memory, level editing, etc). At the same time, FreePascal has a WebAssembly back end. Pascal\u2019s a fun language for learning compilers on, but not really fully featured for building modern systems. I wonder how this new school of compiler and IDE developers can take their skills to a wider audience.\n",
  "link": "http://feedproxy.google.com/~r/oreilly/radar/atom/~3/JShArvTby6A/"
 },
 {
  "title": "Four short links: 18 October 2019",
  "content": "The NAI Suite \u2014 A prototype for automated reasoning over legal texts, called NAI, is presented. As an input, NAI accepts formalized logical representations of such legal texts that can be created and curated using an integrated annotation interface. The prototype supports automated reasoning over the given text representation and multiple quality assurance procedures.Streamsheets \u2014 open source release of an open source tool for making your data immediately understandable and for creating IoT applications visually and interactively\u2014without a single line of code.Bazel Hits 1.0 \u2014 Build software from Google. Key features of the release: semantic versioning, long-term support, features supported on Android, Angular, Java, and C++.Assembler Robots Make Large Structures from Little Pieces \u2014 \u201cWhat\u2019s at the heart of this is a new kind of robotics that we call relative robots,\u201d Gershenfeld says. Historically, he explains, there have been two broad categories of robotics\u2014ones made out of expensive custom components that are carefully optimized for particular applications such as factory assembly, and ones made from inexpensive mass-produced modules with much lower performance. The new robots, however, are an alternative to both. They\u2019re much simpler than the former, while much more capable than the latter, and they have the potential to revolutionize the production of large-scale systems, from airplanes to bridges to entire buildings.\n",
  "link": "http://feedproxy.google.com/~r/oreilly/radar/atom/~3/hjgooXtG9g8/"
 },
 {
  "title": "Highlights from the O\u2019Reilly Artificial Intelligence Conference in London 2019",
  "content": "People from across the AI world came together in London for the Artificial Intelligence Conference. Below you\u2019ll find links to highlights from the event.\nWhen flying is cheaper than standing still\nRaffaello D\u2019Andrea presents his vision of how autonomous indoor drones will drive the next wave of robotics development.\n\nWatch \u201cWhen flying is cheaper than standing still\u201c\n\nWhen to trust AI\nMarta Kwiatkowska provides an overview of techniques being developed to help improve the robustness, safety, and trust in AI systems.\n\nWatch \u201cWhen to trust AI\u201c\n\nReal-time AI for entity resolution\nJeff Jonas details how you can use a purpose-built real-time AI to gain new insights and make better decisions faster.\n\nWatch \u201cReal-time AI for entity resolution\u201c\n\nBuilding and deploying AI applications and systems at scale\nBen Lorica and Roger Chen review how companies are building AI applications today.\n\nWatch \u201cBuilding and deploying AI applications and systems at scale\u201c\n\nThe quest for high-quality data\nIhab Ilyas describes the HoloClean framework, a prediction engine for structured data with direct applications in detecting and repairing data errors.\n\nWatch \u201cThe quest for high-quality data\u201c\n\nMachine learning challenges at LinkedIn: Spark, TensorFlow, and beyond\nZhe Zhang provides an architectural overview of LinkedIn\u2019s machine learning pipelines.\n\nWatch \u201cMachine learning challenges at LinkedIn: Spark, TensorFlow, and beyond\u201c\n\nThe power of knowledge at scale\nAlexis Crowell Helzer outlines a practical approach to implementing machine learning.\n\nWatch \u201cThe power of knowledge at scale\u201c\n\nLarge-scale machine learning at Facebook: Implications of platform design on developer productivity\nKim Hazelwood and Mohamed Fawzy look at how applied ML has changed the platforms and infrastructure at Facebook.\n\nWatch \u201cLarge-scale machine learning at Facebook: Implications of platform design on developer productivity\u201c\n\nAccelerate with purpose\nWalter Riviera discusses three key shifts in the AI landscape.\n\nWatch \u201cAccelerate with purpose\u201c\n\n",
  "link": "http://feedproxy.google.com/~r/oreilly/radar/atom/~3/oOzJ7390N4M/"
 },
 {
  "title": "When to trust AI",
  "content": "This is a keynote highlight from the O\u2019Reilly Artificial Intelligence Conference in London 2019. Watch the full version of this keynote on the O\u2019Reilly online learning platform.\nYou can also see other highlights from the event.\n",
  "link": "http://feedproxy.google.com/~r/oreilly/radar/atom/~3/aFjLDF6gstY/"
 },
 {
  "title": "When flying is cheaper than standing still",
  "content": "This is a keynote highlight from the O\u2019Reilly Artificial Intelligence Conference in London 2019. Watch the full version of this keynote on the O\u2019Reilly online learning platform.\nYou can also see other highlights from the event.\n",
  "link": "http://feedproxy.google.com/~r/oreilly/radar/atom/~3/GMBpXDTYzsA/"
 },
 {
  "title": "Machine learning challenges at LinkedIn: Spark, TensorFlow, and beyond",
  "content": "This is a keynote highlight from the O\u2019Reilly Artificial Intelligence Conference in London 2019. Watch the full version of this keynote on the O\u2019Reilly online learning platform.\nYou can also see other highlights from the event.\n",
  "link": "http://feedproxy.google.com/~r/oreilly/radar/atom/~3/2gCNzZmW8vw/"
 },
 {
  "title": "Accelerate with purpose",
  "content": "This is a keynote highlight from the O\u2019Reilly Artificial Intelligence Conference in London 2019. Watch the full version of this keynote on the O\u2019Reilly online learning platform.\nYou can also see other highlights from the event.\n",
  "link": "http://feedproxy.google.com/~r/oreilly/radar/atom/~3/YTEX0-JKXkI/"
 },
 {
  "title": "The quest for high-quality data",
  "content": "This is a keynote highlight from the O\u2019Reilly Artificial Intelligence Conference in London 2019. Watch the full version of this keynote on the O\u2019Reilly online learning platform.\nYou can also see other highlights from the event.\n",
  "link": "http://feedproxy.google.com/~r/oreilly/radar/atom/~3/YmGrOfdn0M8/"
 },
 {
  "title": "Four short links: 17 October 2019",
  "content": "Natron \u2014 open source compositing software for VFX and motion graphics.is-website-vulnerable \u2014 finds publicly known security vulnerabilities in a website\u2019s front end JavaScript libraries.Solving Logic Grid Puzzles With An Algorithm That Imitates Human Behavior \u2014 We present in this paper our solver for logic grid puzzles. The approach used by our algorithm mimics the way a human would try to solve the same problem. Every progress made during the solving process is accompanied by a detailed explanation of our program\u2019s reasoning. Since this reasoning is based on the same heuristics that a human would employ, the user can easily follow the given explanation.Fomu \u2014 a programmable FPGA device that fits inside a USB port. It has four buttons, an RGB LED, and an FPGA that is compatible with a fully open source chain and capable of running a RISC-V core. Fomu comes in a custom plastic enclosure that slots perfectly into a USB Type-A port.\n",
  "link": "http://feedproxy.google.com/~r/oreilly/radar/atom/~3/CvfTadd8Y9Q/"
 },
 {
  "title": "Real-time AI for entity resolution",
  "content": "This is a keynote highlight from the O\u2019Reilly Artificial Intelligence Conference in London 2019. Watch the full version of this keynote on the O\u2019Reilly online learning platform.\nYou can also see other highlights from the event.\n",
  "link": "http://feedproxy.google.com/~r/oreilly/radar/atom/~3/AhHtoCzVKHQ/"
 },
 {
  "title": "The power of knowledge at scale",
  "content": "This is a keynote highlight from the O\u2019Reilly Artificial Intelligence Conference in London 2019. Watch the full version of this keynote on the O\u2019Reilly online learning platform.\nYou can also see other highlights from the event.\n",
  "link": "http://feedproxy.google.com/~r/oreilly/radar/atom/~3/e2MOAguNmS0/"
 },
 {
  "title": "Building and deploying AI applications and systems at scale",
  "content": "This is a keynote from the O\u2019Reilly Artificial Intelligence Conference in London 2019. See additional keynotes and sessions from this event on the O\u2019Reilly online learning platform.\nYou can also check out more highlights from AI London \u201919.\n",
  "link": "http://feedproxy.google.com/~r/oreilly/radar/atom/~3/enqZxVUA0-M/"
 },
 {
  "title": "Large-scale machine learning at Facebook: Implications of platform design on developer productivity",
  "content": "This is a keynote highlight from the O\u2019Reilly Artificial Intelligence Conference in London 2019. Watch the full version of this keynote on the O\u2019Reilly online learning platform.\nYou can also see other highlights from the event.\n",
  "link": "http://feedproxy.google.com/~r/oreilly/radar/atom/~3/CDig7SBOKpw/"
 }
]