Iteration Time (home),Iteration Time (utc),Post Time (utc),Subreddit,Title, Postid ,Author,Total Karma
05/03/19 21:42:23,05/04/19 04:42:23,05/01/19 19:45:18,"ucsc","What happens if someone leaves our apartment group?",bjljh7,stuartmcbride,46
05/03/19 21:42:23,05/04/19 04:42:23,05/01/19 19:50:00,"ucsc","Econ110 with Jones",bjlldw,wildoneforeverandeve,12
05/03/19 21:42:23,05/04/19 04:42:23,05/01/19 18:39:48,"ucsc","What are some easy TA courses to take during the summer?",bjks15,forever97,10
05/03/19 21:42:23,05/04/19 04:42:23,05/01/19 13:53:55,"ucsc","SCHOLARS PROGRAM",bjhbr7,Repentful,103
05/03/19 21:42:23,05/04/19 04:42:23,05/01/19 20:20:07,"ucsc","23b midterm...",bjly1p,MathMajor22,161
05/03/19 21:42:23,05/04/19 04:42:23,05/01/19 20:29:28,"ucsc","Can I borrow an alumnis UCSC stole for graduation?",bjm1wr,donitheslug,38
05/03/19 21:42:23,05/04/19 04:42:23,05/01/19 21:39:06,"ucsc","Book and/or film clubs on campus",bjmvkf,strauss_nomi,2348
05/03/19 21:42:23,05/04/19 04:42:23,05/01/19 21:47:25,"ucsc","MATH 21 exams with Prof Dong",bjmywf,bubbabehandy,74
05/03/19 21:42:23,05/04/19 04:42:23,05/01/19 21:47:51,"ucsc","Chemistry Department",bjmz2m,slugzzzz,299
05/03/19 21:42:23,05/04/19 04:42:23,05/01/19 21:54:18,"ucsc","*Laughs in Cicada*",bjn1nv,CrazedZombie,44382
05/03/19 21:42:23,05/04/19 04:42:23,05/01/19 21:55:19,"ucsc","Is bus operating today?",bjn24m,StephenPorzingis,267
05/03/19 21:42:23,05/04/19 04:42:23,05/01/19 22:00:18,"ucsc","Shout out to ASTR2 for running out of midterm exams during the exam and having to print them out at the SUA.",bjn43x,sun4finger403,150
05/03/19 21:42:23,05/04/19 04:42:23,05/01/19 22:28:41,"ucsc","Unlucky week",bjnfgt,bloodygrave,1559
05/03/19 21:42:23,05/04/19 04:42:23,05/01/19 23:13:38,"ucsc","Math 21 (linear Alg) tutor needed",bjnwik,Alfiebeast,1100
05/03/19 21:42:23,05/04/19 04:42:23,05/01/19 23:15:09,"ucsc","Music 80v beatles midterm",bjnx2d,CrescentAce,3787
05/03/19 21:42:23,05/04/19 04:42:23,05/01/19 23:49:27,"ucsc","Cowell apartments group needs 2 people",bjo9de,milkboi69,1
05/03/19 21:42:23,05/04/19 04:42:23,05/02/19 00:53:18,"ucsc","I'm an incoming freshman (class of '23!!) and I've been offered admission to the College Scholars program.",bjovpz,ducknostrils,1
05/03/19 21:42:23,05/04/19 04:42:23,05/02/19 01:03:29,"ucsc","MGMT ticket for sale!",bjoz9f,40earthlikeplanets,4795
05/03/19 21:42:23,05/04/19 04:42:23,05/02/19 01:24:54,"ucsc","Does anybody know where to buy hair dye in Santa Cruz?",bjp6pt,ladyarachnid,56
05/03/19 21:42:23,05/04/19 04:42:23,05/02/19 01:26:27,"ucsc","Math 22 Syllabus URGENT",bjp79e,Interesting_Car,1
05/03/19 21:42:23,05/04/19 04:42:23,05/02/19 01:33:18,"ucsc","A Little Late But We Need One More Porter Affiliate for Apartments",bjp9qe,Chemuni,242
05/03/19 21:42:23,05/04/19 04:42:23,05/02/19 01:38:35,"ucsc","What has been the most unfair class youve taken at ucsc and why?",bjpbmt,pinkiea,241
05/03/19 21:42:23,05/04/19 04:42:23,05/02/19 01:58:57,"ucsc","Applying to Transfer after Second Year",bjpila,todobehd,1
05/03/19 21:42:23,05/04/19 04:42:23,05/02/19 02:57:25,"ucsc","Is there a table tennis group on campus?",bjq25a,PedgefromUni,623
05/03/19 21:42:23,05/04/19 04:42:23,05/02/19 03:23:16,"ucsc","Cowell Apartment Triple",bjqahr,jimmydeenxd,21
05/03/19 21:42:23,05/04/19 04:42:23,05/02/19 03:43:35,"ucsc","BIOE 20B R. Dunkin doable in the summer?",bjqgs5,red-bullcan,2
05/03/19 21:42:23,05/04/19 04:42:23,05/02/19 04:11:08,"ucsc","Female roommate for a single in Stevenson Apartments",bjqpcp,warmhoney322,1
05/03/19 21:42:23,05/04/19 04:42:23,05/02/19 03:49:18,"ucsc","We are Superior",bjqikc,kitkatcrown,1508
05/03/19 21:42:23,05/04/19 04:42:23,05/02/19 02:14:40,"ucsc","Econ 110 midterm was....",bjpnz0,UsmanM90,88
05/03/19 21:42:23,05/04/19 04:42:23,05/02/19 05:15:57,"ucsc","Signing Day",bjr7kt,basedvision,37
05/03/19 21:42:23,05/04/19 04:42:23,05/02/19 05:20:59,"ucsc","Looking for female (preferably) for 9/10 apartments",bjr8vt,Youulee,173
05/03/19 21:42:23,05/04/19 04:42:23,05/02/19 05:29:01,"ucsc","Buying Grad Robes on Amazon",bjraxp,clarinetkaren,1342
05/03/19 21:42:23,05/04/19 04:42:23,05/02/19 06:32:17,"ucsc","[NO SPOILERS] always thank the bus driver",bjrr33,dvmbcvntt,233
05/03/19 21:42:23,05/04/19 04:42:23,05/02/19 06:39:44,"ucsc","Looking For A Housemate (Off-Campus)",bjrsxa,seacaprese,1
05/03/19 21:42:23,05/04/19 04:42:23,05/02/19 07:57:54,"ucsc","AMS20 with C Brennan in summer",bjsbhs,tintin0907,21
05/03/19 21:42:23,05/04/19 04:42:23,05/02/19 09:26:51,"ucsc","trouble sleeping",bjsw87,bloodygrave,1559
05/03/19 21:42:23,05/04/19 04:42:23,05/02/19 09:37:13,"ucsc","UCSC for Philosophy OR SFSU for Computer Science",bjsyv0,camusdawg,9
05/03/19 21:42:23,05/04/19 04:42:23,05/02/19 14:34:58,"ucsc","Anyone with a camper park spot theyre not certain about?",bjvnks,cxLaurenAlexandra,9
05/03/19 21:42:23,05/04/19 04:42:23,05/02/19 15:01:35,"ucsc","Waitlist decisions",bjvym1,FinessingLife,551
05/03/19 21:42:23,05/04/19 04:42:23,05/02/19 15:10:58,"ucsc","Tfw Ivy League schools and high-tier UCs are in trouble for admission scandals but you go to UCSC",bjw2ed,UNLUCKYButKeepGoing,26431
05/03/19 21:42:23,05/04/19 04:42:23,05/02/19 05:23:46,"ucsc","20B",bjr9m2,UCSCSlug10009,27
05/03/19 21:42:23,05/04/19 04:42:23,05/02/19 16:54:44,"ucsc","Actual footage of a CE 12 midterm being graded",bjx9ij,thathomelessguy,18518
05/03/19 21:42:23,05/04/19 04:42:23,05/02/19 17:17:02,"ucsc","Prereqs during Summer Session",bjxj49,ReformedBlackPerson,10279
05/03/19 21:42:23,05/04/19 04:42:23,05/02/19 18:10:33,"ucsc","CE Majors: Hardest classes / Classes to avoid taking together?",bjy54x,GoT_rockss,5
05/03/19 21:42:23,05/04/19 04:42:23,05/02/19 18:10:33,"ucsc","Lost ID",bjy551,PretentiousCC,915
05/03/19 21:42:23,05/04/19 04:42:23,05/02/19 18:25:34,"ucsc","college 9/10 soda fountain",bjybcq,blizcs,71
05/03/19 21:42:23,05/04/19 04:42:23,05/02/19 18:53:23,"ucsc","Econ 133 vs 161a?",bjympa,Nocturnal97,97
05/03/19 21:42:23,05/04/19 04:42:23,05/02/19 19:27:55,"ucsc","Can anyone please hook me up with the CMPS102 Review Quiz?",bjz0sj,Lolitsgab,739
05/03/19 21:42:23,05/04/19 04:42:23,05/02/19 19:33:24,"ucsc","Looking for friends!",bjz2z9,JeromeBigWood,11
05/03/19 21:42:23,05/04/19 04:42:23,05/02/19 19:43:18,"ucsc","Is there a protest going on near 9/10?",bjz709,Dank_Soles_3,1064
05/03/19 21:42:23,05/04/19 04:42:23,05/02/19 19:07:53,"ucsc","Don't forget to vote! May 13-22!",bjysje,makesometraffic,1354
05/03/19 21:42:23,05/04/19 04:42:23,05/02/19 21:13:13,"ucsc","I'm kinda over meme analyzing",bk0802,sageypie5,11
05/03/19 21:42:23,05/04/19 04:42:23,05/02/19 21:28:21,"ucsc","Selling a Dell XPS 9560!",bk0e9i,slugPROSPECT,21
05/03/19 21:42:23,05/04/19 04:42:23,05/02/19 21:57:56,"ucsc","Summer courses",bk0psa,Enscivwy,11819
05/03/19 21:42:23,05/04/19 04:42:23,05/02/19 22:05:57,"ucsc","Looking for Last Minute Stevenson Apartment roommate",bk0t1g,0tterz,336
05/03/19 21:42:23,05/04/19 04:42:23,05/02/19 23:02:34,"ucsc","Bme280b",bk1emf,TheLivelyHuman,46
05/03/19 21:42:23,05/04/19 04:42:23,05/02/19 23:28:19,"ucsc","Santa Cruz Tabletop Day!",bk1nwg,hippiethor,22859
05/03/19 21:42:23,05/04/19 04:42:23,05/02/19 23:35:28,"ucsc","Off Campus Living (Housemates Needed)",bk1qfz,TheDonRedPhish,29
05/03/19 21:42:23,05/04/19 04:42:23,05/02/19 23:41:06,"ucsc","Headphones left at Jack Baskins School of Engineering",bk1sda,NextJello8,22
05/03/19 21:42:23,05/04/19 04:42:23,05/02/19 23:44:53,"ucsc","drop in advising for cs?",bk1tpu,justaboutodo1,91
05/03/19 21:42:23,05/04/19 04:42:23,05/03/19 01:20:05,"ucsc","Should I just take a W for bio 20a?????",bk2q9d,mariq17,95
05/03/19 21:42:23,05/04/19 04:42:23,05/03/19 02:01:20,"ucsc","Does anyone wanna grab dinner w me",bk3424,TheLivelyHuman,46
05/03/19 21:42:23,05/04/19 04:42:23,05/03/19 02:36:07,"ucsc","Freshman housing??",bk3fqa,hesitantalien3,181
05/03/19 21:42:23,05/04/19 04:42:23,05/03/19 03:28:47,"ucsc","Hey guys",bk3wgz,moadotexe,856
05/03/19 21:42:23,05/04/19 04:42:23,05/03/19 03:44:44,"ucsc","did lgst10 take attendance this week?",bk4178,thiccneyspears,1903
05/03/19 21:42:23,05/04/19 04:42:23,05/03/19 03:54:23,"ucsc","Busiest Times at McHenry Library on Weekend",bk442y,studentx2,2441
05/03/19 21:42:23,05/04/19 04:42:23,05/03/19 03:59:22,"ucsc","Relearning to skateboard",bk45j1,lylepwns,357
05/03/19 21:42:23,05/04/19 04:42:23,05/03/19 03:33:06,"ucsc","Boba Blueberries and Booze; an infamous (and underrated) trio found outside Thiaman Lecture Hall",bk3xsv,TheFilosophersStoned,274
05/03/19 21:42:23,05/04/19 04:42:23,05/03/19 05:17:58,"ucsc","Financial Aid- Dependent Verification Packet",bk4rez,financialsluggo,6
05/03/19 21:42:23,05/04/19 04:42:23,05/03/19 06:53:11,"ucsc","Looking for a spot off campus for the Summer",bk5g31,AqualunarSh,3
05/03/19 21:42:23,05/04/19 04:42:23,05/03/19 07:12:54,"ucsc","CMPS 115 5 Weeks",bk5l3e,ReformedBlackPerson,10279
05/03/19 21:42:23,05/04/19 04:42:23,05/03/19 07:26:34,"ucsc","Ce12 help if possible",bk5ofx,WeStrugglinouthere,1
05/03/19 21:42:23,05/04/19 04:42:23,05/03/19 08:10:05,"ucsc","How is the ENVS/ECON Combined Major?",bk5yhj,busterbho213,46
05/03/19 21:42:23,05/04/19 04:42:23,05/03/19 08:16:07,"ucsc","spoody spooders and clicky cadas",bk5ztl,umbraforest,297
05/03/19 21:42:23,05/04/19 04:42:23,05/03/19 14:34:45,"ucsc","screw loops that dont stop",bk962n,davvvvidrose,187
05/03/19 21:42:23,05/04/19 04:42:23,05/03/19 16:01:11,"ucsc","Lost Glasses Near PbSci",bka485,RainyTuesday226,6
05/03/19 21:42:23,05/04/19 04:42:23,05/03/19 17:14:52,"ucsc","CMPS 12A Midterm",bkaxqs,blizcs,71
05/03/19 21:42:23,05/04/19 04:42:23,05/03/19 17:37:45,"ucsc","College Ten commencement tickets",bkb734,ucscslugs2k18,357
05/03/19 21:42:23,05/04/19 04:42:23,05/03/19 17:48:06,"ucsc","CS102 midterm",bkbb6r,rjsparno,274
05/03/19 21:42:23,05/04/19 04:42:23,05/03/19 18:16:18,"ucsc","In need of extra Stevenson commencement tickets",bkbmjj,emojimami,6
05/03/19 21:42:23,05/04/19 04:42:23,05/03/19 18:42:10,"ucsc","Cowell Apartment Single",bkbwug,jimmydeenxd,21
05/03/19 21:42:23,05/04/19 04:42:23,05/03/19 18:52:45,"ucsc","Remember to vote NO on 73",bkc15o,popisju,7997
05/03/19 21:42:23,05/04/19 04:42:23,05/03/19 19:06:01,"ucsc","CS major and physics minor",bkc6lp,lastcreatin,1
05/03/19 21:42:23,05/04/19 04:42:23,05/03/19 19:17:43,"ucsc","Looking for college nine apartment single!!!",bkcbd6,kevinyluo,1
05/03/19 21:42:23,05/04/19 04:42:23,05/03/19 19:41:35,"ucsc","PHYS6A midterm",bkcknr,mehluny,77
05/03/19 21:42:23,05/04/19 04:42:23,05/03/19 20:54:44,"ucsc","Which classes in your major that you have taken do you think will be the most beneficial in the future?",bkddbj,Lyingmustard,3399
05/03/19 21:42:23,05/04/19 04:42:23,05/03/19 21:07:12,"ucsc","Cowell apartments",bkdi5i,yg4oo,1
05/03/19 21:42:23,05/04/19 04:42:23,05/03/19 21:40:22,"ucsc","Small Group Tutoring",bkduoz,Hitchensinthecosmos,691
05/03/19 21:42:23,05/04/19 04:42:23,05/03/19 22:06:04,"ucsc","Kresge Ceremony 2019",bke4fv,demilovatolover,25
05/03/19 21:42:23,05/04/19 04:42:23,05/03/19 22:44:04,"ucsc","In need of 6 extra BSOE Commencement tickets",bkeik5,Arcainne,1
05/03/19 21:42:23,05/04/19 04:42:23,05/03/19 23:04:02,"ucsc","MATH 107 Midterm.",bkepom,SluggyNerdling,1905
05/03/19 21:42:23,05/04/19 04:42:23,05/03/19 22:28:25,"ucsc","Phil 11 has me like",bkecok,drowningfish24,218
05/03/19 21:42:23,05/04/19 04:42:23,05/03/19 21:27:02,"ucsc","COWELL APARTMENTS",bkdprn,zentitonic,87
05/03/19 21:42:23,05/04/19 04:42:23,05/03/19 06:14:54,"ucsc","*logic voice* who can relate",bk565t,banana-slut,3
05/03/19 21:42:23,05/04/19 04:42:23,05/04/19 00:07:17,"ucsc","TUTOR for CMPE12",bkfbak,cozycaterpillar,2416
05/03/19 21:42:23,05/04/19 04:42:23,05/04/19 00:39:23,"ucsc","Couldn't find discord so here's SC discord.",bkflum,frostrider,17
05/03/19 21:42:23,05/04/19 04:42:23,05/04/19 01:18:08,"ucsc","Barbershops in Santa Cruz?",bkfxuf,Pulmu237,1604
05/03/19 21:42:23,05/04/19 04:42:23,05/04/19 01:39:54,"ucsc","Housing for Fall quarter",bkg4o9,DonutsOnGiornosHead,1
05/03/19 21:42:23,05/04/19 04:42:23,05/04/19 01:59:37,"ucsc","Econ 100B Midterm",bkgaok,amstown,907
05/03/19 21:42:23,05/04/19 04:42:23,05/04/19 02:13:38,"ucsc","Roy Blair Catalyst Tix Tonight",bkgf3b,atownsend8731,89
05/03/19 21:42:23,05/04/19 04:42:23,05/04/19 05:03:45,"ucsc","Petition to Change Withdraw Letter to an L on transcripts",bkhqzh,ReformedBlackPerson,10279
05/03/19 21:42:23,05/04/19 04:42:23,05/04/19 07:44:15,"ucsc","Sum up UCSC in a couple of words",bkit2k,Encrypt0,2
05/03/19 21:42:23,05/04/19 04:42:23,05/04/19 15:54:59,"ucsc","Is it possible to minor in CE and major in EE?",bkmjb7,BobSlugRoss,160
05/03/19 21:42:23,05/04/19 04:42:23,05/04/19 01:05:40,"ucsc","This is the saddest thing Ive ever seen",bkfu04,EmotionalScreen,125
05/03/19 21:42:23,05/04/19 04:42:23,05/04/19 17:30:31,"ucsc","Looking for Female Gamer for Playtest Mobile Game",bknjn2,Unagi_is_my_soul,27
05/03/19 21:42:23,05/04/19 04:42:23,05/04/19 19:30:48,"ucsc","Film 80s Help",bkotvu,throwawayucsc1456666,1
05/03/19 21:42:23,05/04/19 04:42:23,05/04/19 19:33:09,"ucsc","5 dollars",bkous6,TarMasterX7,116
05/03/19 21:42:23,05/04/19 04:42:23,05/04/19 19:34:37,"ucsc","Trade The Room Tickets",bkovd1,ZTrash,6151
05/03/19 21:42:23,05/04/19 04:42:23,05/04/19 19:37:05,"ucsc","Room Tickets",bkowb6,ZTrash,6151
05/03/19 21:42:23,05/04/19 04:42:23,05/04/19 19:50:01,"ucsc","Crown College Feedback",bkp187,chasingCheetah,18
05/03/19 21:42:23,05/04/19 04:42:23,05/04/19 19:51:03,"ucsc","Check from UCSC safe to cash in?",bkp1lx,ucsc_questions123121,1
05/03/19 21:42:23,05/04/19 04:42:23,05/04/19 22:35:34,"ucsc","UCSC Pro Life Hacks",bkqp40,rjsparno,277
05/03/19 21:42:23,05/04/19 04:42:23,05/04/19 23:33:11,"ucsc","move out",bkr8li,CommonFig,584
05/03/19 21:42:23,05/04/19 04:42:23,05/04/19 23:38:57,"ucsc","environment in mcd bio?",bkrago,assbutt12345,128
05/03/19 21:42:23,05/04/19 04:42:23,05/05/19 02:10:47,"ucsc","Anyone traveling to San Diego this month?",bksnw7,PleaseHelpMeLordAl,1
05/03/19 21:42:23,05/04/19 04:42:23,05/04/19 01:27:19,"ucsc","STARTS IN A HALF HOUR! all your fav ucsc acapella groups will be performing tonight 😍 come through @stevenson events center at 7pm 🎶 🎵",bkg0q0,viggiyer423,8
05/03/19 21:42:23,05/04/19 04:42:23,05/05/19 03:35:01,"ucsc","Student volunteer for commencement",bktdke,TigerlilyFawn,167
05/03/19 21:42:23,05/04/19 04:42:23,05/05/19 04:28:36,"ucsc","Question about those weed ‘SLUG posters at bus stops",bkttbp,Phiona986,1
05/03/19 21:42:23,05/04/19 04:42:23,05/05/19 05:56:42,"ucsc","MATH21 Linear Algebra Midterm with Chongying Dong",bkugnb,engulfedia,13
05/03/19 21:42:23,05/04/19 04:42:23,05/05/19 06:19:08,"ucsc","Is housing as bad as it sounds?",bkum7f,kamasola,6493
05/03/19 21:42:23,05/04/19 04:42:23,05/05/19 06:41:16,"ucsc","Quick question",bkur9d,ChessRoyale,124
05/03/19 21:42:23,05/04/19 04:42:23,05/05/19 06:47:19,"ucsc","What are some free (tuition money) stuff UCSC provides for students?",bkusmm,sarasorry,658
05/03/19 21:42:23,05/04/19 04:42:23,05/05/19 09:45:35,"ucsc","Room Selection Question",bkvzsv,SteezustChrist,25766
05/03/19 21:42:23,05/04/19 04:42:23,05/05/19 03:30:51,"ucsc","CMPS 11",bktca3,enwizzle,70
05/03/19 21:42:23,05/04/19 04:42:23,05/05/19 17:19:34,"ucsc","open cafes on weekends?",bl0cav,stripedjeans,2129
05/03/19 21:42:23,05/04/19 04:42:23,05/05/19 21:32:03,"ucsc","Paper clip",bl3c2e,Linkinpark22,141
05/03/19 21:42:23,05/04/19 04:42:23,05/05/19 21:53:24,"ucsc","SOCY 173X water and sanitation",bl3kp7,lakergang90210,264
05/03/19 21:42:23,05/04/19 04:42:23,05/05/19 22:39:22,"ucsc","Any tips on studying for the CS 182 midterm w/ Finkelstein?",bl42z5,SluggyNerdling,1974
05/03/19 21:42:23,05/04/19 04:42:23,05/06/19 00:20:54,"ucsc","DP/DR at UCSC?",bl54qq,catlov3r444,41
05/03/19 21:42:23,05/04/19 04:42:23,05/06/19 00:40:33,"ucsc","When do we find out summer housing info?",bl5bo6,pixiesnshit,1
05/03/19 21:42:23,05/04/19 04:42:23,05/06/19 01:19:02,"ucsc","CE100 Notes",bl5p5t,YellowSlugsss,1
05/03/19 21:42:23,05/04/19 04:42:23,05/05/19 20:26:15,"ucsc","Anybody else get this email from “CISCOSystems” - doesnt look too legit",bl2kyd,thegreenofyoureyes,300
05/03/19 21:42:23,05/04/19 04:42:23,05/06/19 02:31:36,"ucsc","Why is the supplies vending machine in McHenry always broken",bl6dtw,Phiona986,21
05/03/19 21:42:23,05/04/19 04:42:23,05/06/19 02:37:51,"ucsc","Uber protest",bl6g5d,flamespond,20408
05/03/19 21:42:23,05/04/19 04:42:23,05/06/19 02:39:18,"ucsc","Anyone on campus want to sesh?",bl6gpb,TigerlilyFawn,170
05/03/19 21:42:23,05/04/19 04:42:23,05/06/19 03:05:44,"ucsc","Cowell Apartments",bl6qjq,nkorytko,1
05/03/19 21:42:23,05/04/19 04:42:23,05/06/19 04:00:35,"ucsc","Stevenson house 2 flood?",bl7984,joeybab3,4111
05/03/19 21:42:23,05/04/19 04:42:23,05/06/19 06:42:56,"ucsc","Measure 73",bl8lyd,TheChaosCat,288
05/03/19 21:42:23,05/04/19 04:42:23,05/06/19 06:54:32,"ucsc","math23a online midterm!!",bl8peb,justaboutodo1,91
05/03/19 21:42:23,05/04/19 04:42:23,05/06/19 07:51:43,"ucsc","Anyone know what the best streets to sleep on are?",bl96hz,RealTalkThoMate,347
05/03/19 21:42:23,05/04/19 04:42:23,05/06/19 08:18:58,"ucsc","Physics Lab Struggles",bl9e7w,Crazywackymeme,4250
05/03/19 21:42:23,05/04/19 04:42:23,05/06/19 09:17:38,"ucsc","thrift shops",bl9ueo,userloser420,74
05/03/19 21:42:23,05/04/19 04:42:23,05/06/19 16:19:41,"ucsc","Yo can we have Jump-like Bikes integrated into TAPS",ble6yz,cyaaron,236
05/03/19 21:42:23,05/04/19 04:42:23,05/06/19 17:28:20,"ucsc","Dorms and ESA Question",blf1ec,suspiciouschonker,2873
