Iteration Time (home),Iteration Time (utc),Post Time (utc),Subreddit,Title, Postid ,Author,Total Karma
05/03/19 21:37:37,05/04/19 04:37:37,05/04/19 02:13:38,"ucsc","Roy Blair Catalyst Tix Tonight",bkgf3b,atownsend8731,89
05/03/19 21:37:37,05/04/19 04:37:37,05/04/19 01:59:37,"ucsc","Econ 100B Midterm",bkgaok,amstown,907
05/03/19 21:37:37,05/04/19 04:37:37,05/04/19 01:39:54,"ucsc","Housing for Fall quarter",bkg4o9,DonutsOnGiornosHead,1
05/03/19 21:37:37,05/04/19 04:37:37,05/04/19 01:18:08,"ucsc","Barbershops in Santa Cruz?",bkfxuf,Pulmu237,1604
05/03/19 21:37:37,05/04/19 04:37:37,05/04/19 00:39:23,"ucsc","Couldn't find discord so here's SC discord.",bkflum,frostrider,16
05/03/19 21:37:37,05/04/19 04:37:37,05/04/19 00:07:17,"ucsc","TUTOR for CMPE12",bkfbak,cozycaterpillar,2416
05/03/19 21:37:37,05/04/19 04:37:37,05/03/19 06:14:54,"ucsc","*logic voice* who can relate",bk565t,banana-slut,3
05/03/19 21:37:37,05/04/19 04:37:37,05/03/19 21:27:02,"ucsc","COWELL APARTMENTS",bkdprn,zentitonic,87
05/03/19 21:37:37,05/04/19 04:37:37,05/03/19 22:28:25,"ucsc","Phil 11 has me like",bkecok,drowningfish24,216
05/03/19 21:37:37,05/04/19 04:37:37,05/03/19 23:04:02,"ucsc","MATH 107 Midterm.",bkepom,SluggyNerdling,1902
05/03/19 21:37:37,05/04/19 04:37:37,05/03/19 22:44:04,"ucsc","In need of 6 extra BSOE Commencement tickets",bkeik5,Arcainne,1
05/03/19 21:37:37,05/04/19 04:37:37,05/03/19 22:06:04,"ucsc","Kresge Ceremony 2019",bke4fv,demilovatolover,25
05/03/19 21:37:37,05/04/19 04:37:37,05/03/19 21:40:22,"ucsc","Small Group Tutoring",bkduoz,Hitchensinthecosmos,691
05/03/19 21:37:37,05/04/19 04:37:37,05/03/19 21:07:12,"ucsc","Cowell apartments",bkdi5i,yg4oo,1
05/03/19 21:37:37,05/04/19 04:37:37,05/03/19 20:54:44,"ucsc","Which classes in your major that you have taken do you think will be the most beneficial in the future?",bkddbj,Lyingmustard,3399
05/03/19 21:37:37,05/04/19 04:37:37,05/03/19 19:41:35,"ucsc","PHYS6A midterm",bkcknr,mehluny,77
05/03/19 21:37:37,05/04/19 04:37:37,05/03/19 19:17:43,"ucsc","Looking for college nine apartment single!!!",bkcbd6,kevinyluo,1
05/03/19 21:37:37,05/04/19 04:37:37,05/03/19 19:06:01,"ucsc","CS major and physics minor",bkc6lp,lastcreatin,1
05/03/19 21:37:37,05/04/19 04:37:37,05/03/19 18:52:45,"ucsc","Remember to vote NO on 73",bkc15o,popisju,7996
05/03/19 21:37:37,05/04/19 04:37:37,05/03/19 18:42:10,"ucsc","Cowell Apartment Single",bkbwug,jimmydeenxd,21
05/03/19 21:37:37,05/04/19 04:37:37,05/03/19 18:16:18,"ucsc","In need of extra Stevenson commencement tickets",bkbmjj,emojimami,6
05/03/19 21:37:37,05/04/19 04:37:37,05/03/19 17:48:06,"ucsc","CS102 midterm",bkbb6r,rjsparno,274
05/03/19 21:37:37,05/04/19 04:37:37,05/03/19 17:37:45,"ucsc","College Ten commencement tickets",bkb734,ucscslugs2k18,357
05/03/19 21:37:37,05/04/19 04:37:37,05/03/19 17:14:52,"ucsc","CMPS 12A Midterm",bkaxqs,blizcs,71
05/03/19 21:37:37,05/04/19 04:37:37,05/03/19 16:01:11,"ucsc","Lost Glasses Near PbSci",bka485,RainyTuesday226,6
05/03/19 22:08:34,05/04/19 05:08:34,05/04/19 05:03:45,"ucsc","Petition to Change Withdraw Letter to an L on transcripts",bkhqzh,ReformedBlackPerson,10279
05/04/19 00:45:21,05/04/19 07:45:21,05/04/19 07:44:15,"ucsc","Sum up UCSC in a couple of words",bkit2k,Encrypt0,2
05/04/19 08:56:04,05/04/19 15:56:04,05/04/19 15:54:59,"ucsc","Is it possible to minor in CE and major in EE?",bkmjb7,BobSlugRoss,160
05/04/19 10:09:21,05/04/19 17:09:21,05/04/19 01:05:40,"ucsc","This is the saddest thing Ive ever seen",bkfu04,EmotionalScreen,125
05/04/19 10:30:51,05/04/19 17:30:51,05/04/19 17:30:31,"ucsc","Looking for Female Gamer for Playtest Mobile Game",bknjn2,Unagi_is_my_soul,27
05/04/19 12:31:26,05/04/19 19:31:26,05/04/19 19:30:48,"ucsc","Film 80s Help",bkotvu,throwawayucsc1456666,1
05/04/19 12:36:28,05/04/19 19:36:28,05/04/19 19:34:37,"ucsc","Trade The Room Tickets",bkovd1,ZTrash,6151
05/04/19 12:36:28,05/04/19 19:36:28,05/04/19 19:33:09,"ucsc","5 dollars",bkous6,TarMasterX7,116
05/04/19 12:43:58,05/04/19 19:43:58,05/04/19 19:37:05,"ucsc","Room Tickets",bkowb6,ZTrash,6151
05/04/19 12:43:58,05/04/19 19:43:58,05/03/19 14:34:45,"ucsc","screw loops that dont stop",bk962n,davvvvidrose,187
05/04/19 12:43:58,05/04/19 19:43:58,05/03/19 08:16:07,"ucsc","spoody spooders and clicky cadas",bk5ztl,umbraforest,297
05/04/19 12:43:58,05/04/19 19:43:58,05/03/19 08:10:05,"ucsc","How is the ENVS/ECON Combined Major?",bk5yhj,busterbho213,48
05/04/19 12:43:58,05/04/19 19:43:58,05/03/19 07:26:34,"ucsc","Ce12 help if possible",bk5ofx,WeStrugglinouthere,1
05/04/19 12:43:58,05/04/19 19:43:58,05/03/19 07:12:54,"ucsc","CMPS 115 5 Weeks",bk5l3e,ReformedBlackPerson,10289
05/04/19 12:43:58,05/04/19 19:43:58,05/03/19 06:53:11,"ucsc","Looking for a spot off campus for the Summer",bk5g31,AqualunarSh,3
05/04/19 12:43:58,05/04/19 19:43:58,05/03/19 05:17:58,"ucsc","Financial Aid- Dependent Verification Packet",bk4rez,financialsluggo,6
05/04/19 12:43:58,05/04/19 19:43:58,05/03/19 03:33:06,"ucsc","Boba Blueberries and Booze; an infamous (and underrated) trio found outside Thiaman Lecture Hall",bk3xsv,TheFilosophersStoned,282
05/04/19 12:43:58,05/04/19 19:43:58,05/03/19 03:59:22,"ucsc","Relearning to skateboard",bk45j1,lylepwns,357
05/04/19 12:43:58,05/04/19 19:43:58,05/03/19 03:54:23,"ucsc","Busiest Times at McHenry Library on Weekend",bk442y,studentx2,2445
05/04/19 12:43:58,05/04/19 19:43:58,05/03/19 03:44:44,"ucsc","did lgst10 take attendance this week?",bk4178,thiccneyspears,1908
05/04/19 12:43:58,05/04/19 19:43:58,05/03/19 03:28:47,"ucsc","Hey guys",bk3wgz,moadotexe,856
05/04/19 12:43:58,05/04/19 19:43:58,05/03/19 02:36:07,"ucsc","Freshman housing??",bk3fqa,hesitantalien3,181
05/04/19 12:43:58,05/04/19 19:43:58,05/03/19 02:01:20,"ucsc","Does anyone wanna grab dinner w me",bk3424,TheLivelyHuman,46
05/04/19 12:43:58,05/04/19 19:43:58,05/03/19 01:20:05,"ucsc","Should I just take a W for bio 20a?????",bk2q9d,mariq17,95
05/04/19 12:43:58,05/04/19 19:43:58,05/02/19 23:44:53,"ucsc","drop in advising for cs?",bk1tpu,justaboutodo1,91
05/04/19 12:43:58,05/04/19 19:43:58,05/02/19 23:41:06,"ucsc","Headphones left at Jack Baskins School of Engineering",bk1sda,NextJello8,22
05/04/19 12:43:58,05/04/19 19:43:58,05/02/19 23:35:28,"ucsc","Off Campus Living (Housemates Needed)",bk1qfz,TheDonRedPhish,29
05/04/19 12:43:58,05/04/19 19:43:58,05/02/19 23:28:19,"ucsc","Santa Cruz Tabletop Day!",bk1nwg,hippiethor,22859
05/04/19 12:43:58,05/04/19 19:43:58,05/02/19 23:02:34,"ucsc","Bme280b",bk1emf,TheLivelyHuman,46
05/04/19 12:43:58,05/04/19 19:43:58,05/02/19 22:05:57,"ucsc","Looking for Last Minute Stevenson Apartment roommate",bk0t1g,0tterz,336
05/04/19 12:43:58,05/04/19 19:43:58,05/02/19 21:57:56,"ucsc","Summer courses",bk0psa,Enscivwy,11815
05/04/19 12:43:58,05/04/19 19:43:58,05/02/19 21:28:21,"ucsc","Selling a Dell XPS 9560!",bk0e9i,slugPROSPECT,21
05/04/19 12:43:58,05/04/19 19:43:58,05/02/19 21:13:13,"ucsc","I'm kinda over meme analyzing",bk0802,sageypie5,11
05/04/19 12:43:58,05/04/19 19:43:58,05/02/19 19:07:53,"ucsc","Don't forget to vote! May 13-22!",bjysje,makesometraffic,1360
05/04/19 12:43:58,05/04/19 19:43:58,05/02/19 19:43:18,"ucsc","Is there a protest going on near 9/10?",bjz709,Dank_Soles_3,1064
05/04/19 12:43:58,05/04/19 19:43:58,05/02/19 19:33:24,"ucsc","Looking for friends!",bjz2z9,JeromeBigWood,12
05/04/19 12:43:58,05/04/19 19:43:58,05/02/19 19:27:55,"ucsc","Can anyone please hook me up with the CMPS102 Review Quiz?",bjz0sj,Lolitsgab,739
05/04/19 12:43:58,05/04/19 19:43:58,05/02/19 18:53:23,"ucsc","Econ 133 vs 161a?",bjympa,Nocturnal97,97
05/04/19 12:43:58,05/04/19 19:43:58,05/02/19 18:25:34,"ucsc","college 9/10 soda fountain",bjybcq,blizcs,71
05/04/19 12:43:58,05/04/19 19:43:58,05/02/19 18:10:33,"ucsc","Lost ID",bjy551,PretentiousCC,915
05/04/19 12:43:58,05/04/19 19:43:58,05/02/19 18:10:33,"ucsc","CE Majors: Hardest classes / Classes to avoid taking together?",bjy54x,GoT_rockss,5
05/04/19 12:43:58,05/04/19 19:43:58,05/02/19 17:17:02,"ucsc","Prereqs during Summer Session",bjxj49,ReformedBlackPerson,10289
05/04/19 12:43:58,05/04/19 19:43:58,05/02/19 16:54:44,"ucsc","Actual footage of a CE 12 midterm being graded",bjx9ij,thathomelessguy,18518
05/04/19 12:43:58,05/04/19 19:43:58,05/02/19 05:23:46,"ucsc","20B",bjr9m2,UCSCSlug10009,27
05/04/19 12:43:58,05/04/19 19:43:58,05/02/19 15:10:58,"ucsc","Tfw Ivy League schools and high-tier UCs are in trouble for admission scandals but you go to UCSC",bjw2ed,UNLUCKYButKeepGoing,26458
05/04/19 12:43:58,05/04/19 19:43:58,05/02/19 15:01:35,"ucsc","Waitlist decisions",bjvym1,FinessingLife,551
05/04/19 12:43:58,05/04/19 19:43:58,05/02/19 14:34:58,"ucsc","Anyone with a camper park spot theyre not certain about?",bjvnks,cxLaurenAlexandra,9
05/04/19 12:43:58,05/04/19 19:43:58,05/02/19 09:37:13,"ucsc","UCSC for Philosophy OR SFSU for Computer Science",bjsyv0,camusdawg,9
05/04/19 12:43:58,05/04/19 19:43:58,05/02/19 09:26:51,"ucsc","trouble sleeping",bjsw87,bloodygrave,1564
05/04/19 12:43:58,05/04/19 19:43:58,05/02/19 07:57:54,"ucsc","AMS20 with C Brennan in summer",bjsbhs,tintin0907,21
05/04/19 12:43:58,05/04/19 19:43:58,05/02/19 06:39:44,"ucsc","Looking For A Housemate (Off-Campus)",bjrsxa,seacaprese,1
05/04/19 12:43:58,05/04/19 19:43:58,05/02/19 06:32:17,"ucsc","[NO SPOILERS] always thank the bus driver",bjrr33,dvmbcvntt,233
05/04/19 12:43:58,05/04/19 19:43:58,05/02/19 05:29:01,"ucsc","Buying Grad Robes on Amazon",bjraxp,clarinetkaren,1342
05/04/19 12:43:58,05/04/19 19:43:58,05/02/19 05:20:59,"ucsc","Looking for female (preferably) for 9/10 apartments",bjr8vt,Youulee,173
05/04/19 12:43:58,05/04/19 19:43:58,05/02/19 05:15:57,"ucsc","Signing Day",bjr7kt,basedvision,37
05/04/19 12:43:58,05/04/19 19:43:58,05/02/19 02:14:40,"ucsc","Econ 110 midterm was....",bjpnz0,UsmanM90,88
05/04/19 12:43:58,05/04/19 19:43:58,05/02/19 03:49:18,"ucsc","We are Superior",bjqikc,kitkatcrown,1508
05/04/19 12:43:58,05/04/19 19:43:58,05/02/19 04:11:08,"ucsc","Female roommate for a single in Stevenson Apartments",bjqpcp,warmhoney322,1
05/04/19 12:43:58,05/04/19 19:43:58,05/02/19 03:43:35,"ucsc","BIOE 20B R. Dunkin doable in the summer?",bjqgs5,red-bullcan,2
05/04/19 12:43:58,05/04/19 19:43:58,05/02/19 03:23:16,"ucsc","Cowell Apartment Triple",bjqahr,jimmydeenxd,21
05/04/19 12:43:58,05/04/19 19:43:58,05/02/19 02:57:25,"ucsc","Is there a table tennis group on campus?",bjq25a,PedgefromUni,623
05/04/19 12:43:58,05/04/19 19:43:58,05/02/19 01:58:57,"ucsc","Applying to Transfer after Second Year",bjpila,todobehd,1
05/04/19 12:43:58,05/04/19 19:43:58,05/02/19 01:38:35,"ucsc","What has been the most unfair class youve taken at ucsc and why?",bjpbmt,pinkiea,241
05/04/19 12:43:58,05/04/19 19:43:58,05/02/19 01:33:18,"ucsc","A Little Late But We Need One More Porter Affiliate for Apartments",bjp9qe,Chemuni,242
05/04/19 12:43:58,05/04/19 19:43:58,05/02/19 01:26:27,"ucsc","Math 22 Syllabus URGENT",bjp79e,Interesting_Car,1
05/04/19 12:43:58,05/04/19 19:43:58,05/02/19 01:24:54,"ucsc","Does anybody know where to buy hair dye in Santa Cruz?",bjp6pt,ladyarachnid,56
05/04/19 12:43:58,05/04/19 19:43:58,05/02/19 01:03:29,"ucsc","MGMT ticket for sale!",bjoz9f,40earthlikeplanets,4795
05/04/19 12:43:58,05/04/19 19:43:58,05/02/19 00:53:18,"ucsc","I'm an incoming freshman (class of '23!!) and I've been offered admission to the College Scholars program.",bjovpz,ducknostrils,1
05/04/19 12:43:58,05/04/19 19:43:58,05/01/19 23:49:27,"ucsc","Cowell apartments group needs 2 people",bjo9de,milkboi69,1
05/04/19 12:43:58,05/04/19 19:43:58,05/01/19 23:15:09,"ucsc","Music 80v beatles midterm",bjnx2d,CrescentAce,3787
05/04/19 12:43:58,05/04/19 19:43:58,05/01/19 23:13:38,"ucsc","Math 21 (linear Alg) tutor needed",bjnwik,Alfiebeast,1102
05/04/19 12:43:58,05/04/19 19:43:58,05/01/19 22:28:41,"ucsc","Unlucky week",bjnfgt,bloodygrave,1564
05/04/19 12:43:58,05/04/19 19:43:58,05/01/19 22:00:18,"ucsc","Shout out to ASTR2 for running out of midterm exams during the exam and having to print them out at the SUA.",bjn43x,sun4finger403,150
05/04/19 12:43:58,05/04/19 19:43:58,05/01/19 21:55:19,"ucsc","Is bus operating today?",bjn24m,StephenPorzingis,267
05/04/19 12:43:58,05/04/19 19:43:58,05/01/19 21:54:18,"ucsc","*Laughs in Cicada*",bjn1nv,CrazedZombie,44390
05/04/19 12:43:58,05/04/19 19:43:58,05/01/19 21:47:51,"ucsc","Chemistry Department",bjmz2m,slugzzzz,299
05/04/19 12:43:58,05/04/19 19:43:58,05/01/19 21:47:25,"ucsc","MATH 21 exams with Prof Dong",bjmywf,bubbabehandy,74
05/04/19 12:43:58,05/04/19 19:43:58,05/01/19 21:39:06,"ucsc","Book and/or film clubs on campus",bjmvkf,strauss_nomi,2348
05/04/19 12:43:58,05/04/19 19:43:58,05/01/19 20:29:28,"ucsc","Can I borrow an alumnis UCSC stole for graduation?",bjm1wr,donitheslug,38
05/04/19 12:43:58,05/04/19 19:43:58,05/01/19 20:20:07,"ucsc","23b midterm...",bjly1p,MathMajor22,161
05/04/19 12:43:58,05/04/19 19:43:58,05/01/19 13:53:55,"ucsc","SCHOLARS PROGRAM",bjhbr7,Repentful,103
05/04/19 12:43:58,05/04/19 19:43:58,05/01/19 18:39:48,"ucsc","What are some easy TA courses to take during the summer?",bjks15,forever97,10
05/04/19 12:43:58,05/04/19 19:43:58,05/01/19 19:50:00,"ucsc","Econ110 with Jones",bjlldw,wildoneforeverandeve,11
05/04/19 12:43:58,05/04/19 19:43:58,05/01/19 19:45:18,"ucsc","What happens if someone leaves our apartment group?",bjljh7,stuartmcbride,46
05/04/19 12:43:58,05/04/19 19:43:58,05/01/19 19:43:07,"ucsc","Ssbm at UCSC",bjlika,icechili,703
05/04/19 12:43:58,05/04/19 19:43:58,05/01/19 19:15:51,"ucsc","CMPS 111 with Darrel Long....",bjl7ew,prodigalsonisthere,2256
05/04/19 12:43:58,05/04/19 19:43:58,05/01/19 18:50:55,"ucsc","Sociology Capstone",bjkws1,crazaynicki,18
05/04/19 12:43:58,05/04/19 19:43:58,05/01/19 17:41:17,"ucsc","Econ Summer Courses",bjk1oq,SpecialistInitiative,14
05/04/19 12:43:58,05/04/19 19:43:58,05/01/19 17:30:15,"ucsc","TIM electives",bjjww3,AhyeshaTheBeautiful,2
05/04/19 12:43:58,05/04/19 19:43:58,05/01/19 17:13:32,"ucsc","WiFi sign in page",bjjpki,burnt_toast132,13
05/04/19 12:43:58,05/04/19 19:43:58,05/01/19 16:56:57,"ucsc","Need a girl for guaranteed Apartment housing in COWELL!!",bjjia8,zentitonic,87
05/04/19 12:43:58,05/04/19 19:43:58,05/01/19 15:37:33,"ucsc","Feeling XXtra lonely",bjij09,hiineedfriendslol,98
05/04/19 12:43:58,05/04/19 19:43:58,05/01/19 15:20:34,"ucsc","Are the metros running through campus?",bjiby5,gi0man,580
05/04/19 12:43:58,05/04/19 19:43:58,05/01/19 14:25:54,"ucsc","flight early tomorrow SJC",bjho75,grrrslug,6
05/04/19 12:43:58,05/04/19 19:43:58,05/01/19 09:17:57,"ucsc","MFW the CE100 TA ask me to demo my lab",bjf1vu,PenguinGovernor,73
05/04/19 12:43:58,05/04/19 19:43:58,05/01/19 07:36:54,"ucsc","Can Physics 6C count for 5C for CE Majors?",bjefxc,throwaway892_1,340
05/04/19 12:43:58,05/04/19 19:43:58,05/01/19 07:24:43,"ucsc","CS Major Avg Gpa",bjeddp,Mrdudethedude,1793
05/04/19 12:43:58,05/04/19 19:43:58,05/01/19 06:50:55,"ucsc","METX over the summer",bje5jq,TheLivelyHuman,46
05/04/19 12:43:58,05/04/19 19:43:58,05/01/19 06:42:11,"ucsc","Just out of curiosity how many people who go here aren't vaccinated?",bje3j8,schemerboi,6
05/04/19 12:43:58,05/04/19 19:43:58,05/01/19 05:57:04,"ucsc","Bio 20a exam 1",bjdsf8,PhoisbetterthanRamen,44
05/04/19 12:43:58,05/04/19 19:43:58,05/01/19 05:36:34,"ucsc","Anyone taking film 80S wants to form a group?",bjdn45,aki_sora,49
05/04/19 12:43:58,05/04/19 19:43:58,05/01/19 03:49:16,"ucsc","Extra graduation ceremony tickets",bjcsvi,worldsbestmom94,408
05/04/19 12:43:58,05/04/19 19:43:58,05/01/19 03:42:14,"ucsc","I can see that my $30k is being spent well",bjcqox,bob174d,13989
05/04/19 12:43:58,05/04/19 19:43:58,05/01/19 03:30:58,"ucsc","Im a transfer poly sci student",bjcn8b,babylon-2-,1
05/04/19 12:43:58,05/04/19 19:43:58,05/01/19 01:55:10,"ucsc","Number of my professor's unread emails over a semester [OC]",bjbre1,sonic_maniac,40
05/04/19 12:43:58,05/04/19 19:43:58,05/01/19 02:22:14,"ucsc","What do people usually do for summer parking for on campus housing?",bjc0vd,steveirwinz,5
05/04/19 12:43:58,05/04/19 19:43:58,05/01/19 02:21:03,"ucsc","UCSC vs UCR for Computer Engineering",bjc0g9,Disind,1
05/04/19 12:43:58,05/04/19 19:43:58,05/01/19 02:17:34,"ucsc","Frames at UC Health Center",bjbz9r,agathor126,1537
05/04/19 12:43:58,05/04/19 19:43:58,05/01/19 01:58:46,"ucsc","Summer Math 100",bjbsnu,JS1831,28
05/04/19 12:43:58,05/04/19 19:43:58,05/01/19 01:52:21,"ucsc","A Separate Off Campus Housing Thread?",bjbqe4,dankndash,298
05/04/19 12:43:58,05/04/19 19:43:58,05/01/19 01:20:46,"ucsc","Any engineering major here in the Air Force ROTC?",bjbf4q,DiminutivePseudonym,10
05/04/19 12:43:58,05/04/19 19:43:58,05/01/19 00:50:28,"ucsc","Acquirefest! A free A Cappella show this Friday and Saturday.",bjb48f,potato_bomber,9124
05/04/19 12:43:58,05/04/19 19:43:58,05/01/19 00:48:47,"ucsc","Accommodation options for visiting researcher?",bjb3m6,scienceknives,4
05/04/19 12:43:58,05/04/19 19:43:58,05/01/19 00:00:12,"ucsc","Heads up for His105C",bjalue,Hoboman2000,30677
05/04/19 12:43:58,05/04/19 19:43:58,04/30/19 23:57:08,"ucsc","Car People of UCSC",bjakq1,j35_wumbo,7
05/04/19 12:43:58,05/04/19 19:43:58,04/30/19 18:26:01,"ucsc","click click click click click click click click click click click click click click click click click click click click click click click click click click click click click click click click click click click click click click click click click click click click click click click click click click",bj6qds,Z085,19323
05/04/19 12:43:58,05/04/19 19:43:58,04/30/19 23:38:58,"ucsc","Art 20L",bjae94,GeminiFlower97,5
05/04/19 12:43:58,05/04/19 19:43:58,04/30/19 23:34:33,"ucsc","New work out partner?",bjaclb,blovelyou,11
05/04/19 12:43:58,05/04/19 19:43:58,04/30/19 22:47:52,"ucsc","May Day?",bj9ux6,bloodygrave,1564
05/04/19 12:43:58,05/04/19 19:43:58,04/30/19 22:37:38,"ucsc","Strike tomorrow?",bj9qx3,masteryoda_,390
05/04/19 12:43:58,05/04/19 19:43:58,04/30/19 21:45:45,"ucsc","Pride at UCSC?",bj94ph,atownsend8731,90
05/04/19 12:43:58,05/04/19 19:43:58,04/30/19 20:40:29,"ucsc","Summer Enrollment",bj8blb,PeanutBoy3000,2054
05/04/19 12:43:58,05/04/19 19:43:58,04/30/19 19:35:33,"ucsc","Rideshare to SF on sat (5/4) @ 4 PM",bj7jgt,what-time-is-it___,65
05/04/19 12:43:58,05/04/19 19:43:58,04/30/19 18:35:39,"ucsc","Econ 101 vs Econ 133",bj6uh6,moonmoon225,6
05/04/19 12:43:58,05/04/19 19:43:58,04/30/19 18:25:56,"ucsc","Is there a group I can find here that carpools to SoCal (LA area) in order to get everyone's stuff back home from campus housing?",bj6qcd,TealShift,1202
05/04/19 12:43:58,05/04/19 19:43:58,04/30/19 16:47:51,"ucsc","Who the fuck crosses the street right when a god damn fire truck is heading right towards you?!?!?",bj5k3z,fishy512,2340
05/04/19 12:43:58,05/04/19 19:43:58,04/30/19 09:34:47,"ucsc","ECON 110",bj1c8y,LargeStrawberry6,1
05/04/19 12:43:58,05/04/19 19:43:58,04/30/19 16:25:45,"ucsc","Lost keys around Rachel Carson and Oakes",bj5amc,Hatter-Madigan,12288
05/04/19 12:43:58,05/04/19 19:43:58,04/30/19 16:00:50,"ucsc","Make sure to vote during campus elections May 15-22!",bj503d,sammy-slug,42
05/04/19 12:43:58,05/04/19 19:43:58,04/30/19 08:29:40,"ucsc","Major",bj0wxv,QueenPotatoPotato,2
05/04/19 12:43:58,05/04/19 19:43:58,04/30/19 08:16:49,"ucsc","Just dropped my friend off at Porter and seen a Volano bike frame with no tires",bj0u10,RoachIz,65
05/04/19 12:43:58,05/04/19 19:43:58,04/30/19 07:21:13,"ucsc","Looking for people for an apartment/neighborhood in Stevenson college",bj0gp3,anmmoren,3
05/04/19 12:43:58,05/04/19 19:43:58,04/30/19 05:46:40,"ucsc","How do reports work? Will I have stuff on my permanent record? Job wise/grad school?",bizs3h,SlugCry,30
05/04/19 12:43:58,05/04/19 19:43:58,04/30/19 05:30:32,"ucsc","ECON 100A Summer",biznqc,LL31,263
05/04/19 12:43:58,05/04/19 19:43:58,04/30/19 05:21:00,"ucsc","Need third female roommate for a Rachel Carson College apartment!!!!! (two triples) (ideally need an answer by May 10th)",bizl3f,Chuglies,1
05/04/19 12:43:58,05/04/19 19:43:58,04/30/19 05:12:53,"ucsc",""This will separate the sheep from the dogs." - Allen Van Gelder",bizivc,Lolitsgab,739
05/04/19 12:43:58,05/04/19 19:43:58,04/30/19 05:12:09,"ucsc","Will scantrons be provided for the CE12 midterm tomorrow?",bizint,big_red_b,3
05/04/19 12:43:58,05/04/19 19:43:58,04/30/19 04:01:32,"ucsc","What summer classes should I take",biyxd3,SnailHD,14827
05/04/19 12:43:58,05/04/19 19:43:58,04/30/19 01:56:29,"ucsc","RIP Ben Crow",bixrjl,emporvr,6428
05/04/19 12:43:58,05/04/19 19:43:58,04/30/19 00:02:16,"ucsc","Just lost NRX vape in bookstore or express store.",biwn1p,Treven0,4417
05/04/19 12:43:58,05/04/19 19:43:58,04/29/19 23:57:28,"ucsc","Genetics Midterm &/or Study Group?!",biwlad,scbean,17
05/04/19 12:43:58,05/04/19 19:43:58,04/29/19 23:48:34,"ucsc","To Anyone living in the Camper Park",biwi4o,radioactivew0lf,180
05/04/19 12:43:58,05/04/19 19:43:58,04/29/19 22:13:57,"ucsc","Shout out to the kid who is trying to finish his homework while half asleep",bivioo,thrawayacc5,407
05/04/19 12:43:58,05/04/19 19:43:58,04/29/19 22:05:15,"ucsc","EE177 Power Electronics",bivf9p,Transfouriers,553
05/04/19 12:43:58,05/04/19 19:43:58,04/29/19 21:39:02,"ucsc","Anybody who is trying to sell/trade an electric longboard/skateboard in the area DM me or comment here.",biv4qr,n2737484,55
05/04/19 12:43:58,05/04/19 19:43:58,04/29/19 20:57:51,"ucsc","Personal projects CS major suggestions?",biunew,bayslug,10
05/04/19 12:43:58,05/04/19 19:43:58,04/29/19 19:36:02,"ucsc","How is UCSC's CS program?",bitoqk,purpletemari,52
05/04/19 12:43:58,05/04/19 19:43:58,04/29/19 19:21:56,"ucsc","BIOL 115 class/hw",bitiwx,slugiana,6
05/04/19 12:43:58,05/04/19 19:43:58,04/29/19 19:08:21,"ucsc","Anyone know what day the CE12 midterm is?",bitd79,big_red_b,3
05/04/19 12:43:58,05/04/19 19:43:58,04/29/19 19:03:59,"ucsc","Yearbook photos?",bitbba,OmnipotentGoblin,69
05/04/19 12:43:58,05/04/19 19:43:58,04/29/19 15:57:55,"ucsc","COMP SCI",bir4mv,Repentful,103
05/04/19 12:43:58,05/04/19 19:43:58,04/29/19 17:06:10,"ucsc","Bio 20c Laughter",birxr0,jackmyswag69,60
05/04/19 12:43:58,05/04/19 19:43:58,04/29/19 18:36:56,"ucsc","FILM MINOR",biszz5,userloser420,73
05/04/19 12:43:58,05/04/19 19:43:58,04/29/19 18:56:46,"ucsc","Question About Classes",bit89g,ledzeppellinn,57
05/04/19 12:43:58,05/04/19 19:43:58,04/29/19 17:40:08,"ucsc","RCC graffiti",bisc4n,flamespond,20340
05/04/19 12:43:58,05/04/19 19:43:58,04/29/19 17:34:57,"ucsc","Banana slug got stepped on ):",bis9xp,OhItsRemi,166
05/04/19 12:43:58,05/04/19 19:43:58,04/29/19 17:12:03,"ucsc","Roommate in 9/10 apartments!",bis0b9,gabhar23,1
05/04/19 12:43:58,05/04/19 19:43:58,04/29/19 16:46:32,"ucsc","Math 21 summer session",birpc7,popisju,8023
05/04/19 12:43:58,05/04/19 19:43:58,04/29/19 16:05:43,"ucsc","Math 21 midterm",bir7x8,youmaddybr0_,2
05/04/19 12:43:58,05/04/19 19:43:58,04/29/19 16:03:14,"ucsc","Biol 101 service dog",bir6wd,Linkinpark22,141
05/04/19 12:43:58,05/04/19 19:43:58,04/29/19 06:42:48,"ucsc","CMPS 102",bime6o,vjt350,11
05/04/19 12:43:58,05/04/19 19:43:58,04/29/19 07:45:26,"ucsc","BME 51 textbook codes?",bimtlo,Marsh1309,73
05/04/19 12:43:58,05/04/19 19:43:58,04/29/19 06:29:13,"ucsc","So did Slug Orientation replace previous years' summer orientation?",bimajz,DiminutivePseudonym,10
05/04/19 12:43:58,05/04/19 19:43:58,04/29/19 05:42:45,"ucsc","Porter or Stevenson?",bilxtm,weeeeezyyyyy,22
05/04/19 12:43:58,05/04/19 19:43:58,04/29/19 05:20:48,"ucsc","Completely lost in Bio 20A with Penny",biln2c,rogerdaltry,4876
05/04/19 12:43:58,05/04/19 19:43:58,04/29/19 05:00:59,"ucsc","Looking for one more RCC apartment roommate",bilb8d,qeryz,12
05/04/19 12:43:58,05/04/19 19:43:58,04/29/19 04:56:42,"ucsc","ucsc colleges -",bil972,Phrie,3
05/04/19 12:43:58,05/04/19 19:43:58,04/29/19 04:45:41,"ucsc","Bio 20B",bil2p8,SlugNerd007,618
05/04/19 12:43:58,05/04/19 19:43:58,04/29/19 04:25:00,"ucsc","Anyone know the source of this image?",bikqch,BlumieOnion,20
05/04/19 12:43:58,05/04/19 19:43:58,04/29/19 03:55:22,"ucsc","SPIDER-MAN PS4",bik99i,exoman99,117
05/04/19 12:43:58,05/04/19 19:43:58,04/29/19 04:16:31,"ucsc","CMPS 140 with Norouzi? (Summer)",biklng,sammyslugg,5
05/04/19 12:43:58,05/04/19 19:43:58,04/29/19 03:54:06,"ucsc","whatz up slugs! cats?",bik8ki,catlov3r444,41
05/04/19 12:43:58,05/04/19 19:43:58,04/29/19 03:28:25,"ucsc","American Spirits..",bijwc6,PedgefromUni,623
05/04/19 12:43:58,05/04/19 19:43:58,04/29/19 03:23:21,"ucsc","METX 119 with Karen Ottemann & BIOE 109 - Summer Session",bijtyh,ObjectiveMarzipan,15
05/04/19 12:43:58,05/04/19 19:43:58,04/29/19 02:35:35,"ucsc","Is anyone else having trouble following ECON100B w/ Villacorta?",bij9ae,HipsterKoala,1963
05/04/19 12:43:58,05/04/19 19:43:58,04/28/19 22:25:37,"ucsc","How to room with a friend as an incoming freshman",bigw5j,Darko_Elliott_Zombie,29
05/04/19 12:43:58,05/04/19 19:43:58,04/28/19 20:50:21,"ucsc","UCSC CS:GO | Grand Finals!",bifvo8,MazaParaza,792
05/04/19 12:43:58,05/04/19 19:43:58,04/28/19 19:50:13,"ucsc","Anyone able to help with CMPS109",bif7mj,Monkeyradio,8096
05/04/19 12:43:58,05/04/19 19:43:58,04/28/19 19:29:44,"ucsc","$20 bill charge",biezcu,labadabdo,1
05/04/19 12:43:58,05/04/19 19:43:58,04/28/19 19:19:10,"ucsc","Film + Digital Photographer 4 Hire (Low Rates)",bieuxa,jcwantsphotos,1
05/04/19 12:43:58,05/04/19 19:43:58,04/28/19 18:28:50,"ucsc","Havent studied for phys6a",bieb2l,TheLivelyHuman,46
05/04/19 12:43:58,05/04/19 19:43:58,04/28/19 09:57:15,"ucsc","What are the chances of getting apartment housing (kresge namely) without guaranteed housing?",bi9pjd,figtarr,1558
05/04/19 12:43:58,05/04/19 19:43:58,04/28/19 06:09:15,"ucsc","Dear incoming freshman",bi8b83,Breathejoker,2336
05/04/19 12:43:58,05/04/19 19:43:58,04/28/19 03:52:24,"ucsc","Incoming freshman. When does school begin?",bi7apc,FlatTopAnimations,443
05/04/19 12:43:58,05/04/19 19:43:58,04/28/19 03:28:40,"ucsc","When is fall class schedule posted?",bi743h,bluegoointheshoe,359
05/04/19 12:43:58,05/04/19 19:43:58,04/28/19 03:23:09,"ucsc","Anyone want to live off campus?",bi72hp,rachaflocka,204
05/04/19 12:43:58,05/04/19 19:43:58,04/28/19 03:19:51,"ucsc","Is there a place on campus to recycle empty ink cartridges?",bi71hf,BobSlugRoss,163
05/04/19 12:43:58,05/04/19 19:43:58,04/27/19 20:26:20,"ucsc","Started using this tool and it made life so much easier for my projects. ╰(◕ᗜ◕)╯",bi37nn,IntrovertTechie,65
05/04/19 12:43:58,05/04/19 19:43:58,04/28/19 02:37:32,"ucsc","Im an incoming freshman who visited for the first time today. This are my takeaways",bi6ouq,sourneongummyworms,8988
05/04/19 12:43:58,05/04/19 19:43:58,04/28/19 01:18:39,"ucsc","Laptop Recommendations",bi60bs,ledzeppellinn,57
05/04/19 12:43:58,05/04/19 19:43:58,04/27/19 23:33:28,"ucsc","Moaning in the Porter Floor 4 bathroom",bi521b,MedicMain2000,1040
05/04/19 12:43:58,05/04/19 19:43:58,04/27/19 23:30:30,"ucsc","Beware of PG&E fake employees knocking on your door!",bi510p,theonenamedlingling,1445
05/04/19 12:43:58,05/04/19 19:43:58,04/27/19 23:26:23,"ucsc","Can't Access Official Email Account",bi4zma,mentix02,55
05/04/19 12:43:58,05/04/19 19:43:58,04/27/19 23:01:59,"ucsc","Lost my forest friend",bi4r9p,Hey_tommay,32
05/04/19 12:43:58,05/04/19 19:43:58,04/27/19 22:08:30,"ucsc","Anyone know whats going on today on campus?",bi48dh,leytoolit,3
05/04/19 12:43:58,05/04/19 19:43:58,04/27/19 20:34:42,"ucsc","Anyone off campus interested in leopard geckos? *URGENT*",bi3anc,OhItsRemi,166
05/04/19 12:43:58,05/04/19 19:43:58,04/27/19 19:41:26,"ucsc","Village early group?",bi2rgp,oopsididitagain-1,46
05/04/19 12:43:58,05/04/19 19:43:58,04/27/19 19:31:05,"ucsc","Grad Photographer",bi2npx,Prizm_Captures,13
05/04/19 12:43:58,05/04/19 19:43:58,04/27/19 16:35:14,"ucsc","Is it weird that I dont talk to my roommate? Like at ALL?",bi0up7,urbangroutfitters,155
05/04/19 12:43:58,05/04/19 19:43:58,04/27/19 11:19:47,"ucsc","Contest a Ticket",bhy3xu,Enerzia_,5065
05/04/19 12:43:58,05/04/19 19:43:58,04/27/19 07:16:47,"ucsc","I've seen a lot of people complain about how impacted the CS Majors is",bhwntk,Enscivwy,11816
05/04/19 12:43:58,05/04/19 19:43:58,04/27/19 07:06:53,"ucsc","Dear bike thieves",bhwlks,sluggscience,16
05/04/19 12:43:58,05/04/19 19:43:58,04/27/19 06:40:18,"ucsc","CS140 summer advice?",bhwfjx,bayslug,10
05/04/19 12:43:58,05/04/19 19:43:58,04/27/19 06:02:44,"ucsc","Is MSI offered over the summer?",bhw6le,minou97,2
05/04/19 12:43:58,05/04/19 19:43:58,04/27/19 05:49:32,"ucsc","How can BMEC majors thrive in UCSC?",bhw3h8,mochixlatte,1791
05/04/19 12:43:58,05/04/19 19:43:58,04/27/19 05:39:23,"ucsc","eGPUs on campus?",bhw10z,ryongis,496
05/04/19 12:43:58,05/04/19 19:43:58,04/27/19 02:30:36,"ucsc","J/K Layout",bhul5e,kryptidKC,68
05/04/19 12:43:58,05/04/19 19:43:58,04/27/19 02:27:02,"ucsc","Anatomy midterm",bhuk2h,Foxylove75,27
05/04/19 12:43:58,05/04/19 19:43:58,04/27/19 01:59:07,"ucsc","Do they ticket rn?",bhubd6,TigerlilyFawn,167
05/04/19 12:43:58,05/04/19 19:43:58,04/27/19 00:41:23,"ucsc","That CE110 midterm snatched my wig so hard it ripped my hair out. I now look like this:",bhtmlb,user_846,510
05/04/19 12:43:58,05/04/19 19:43:58,04/27/19 01:13:22,"ucsc","Just submitted my intent to enroll and I have a couple of questions.",bhtwxq,lord011,3828
05/04/19 12:43:58,05/04/19 19:43:58,04/27/19 01:05:40,"ucsc","We learned about fucking MEMES! Visual learning my ass",bhtuib,EmotionalScreen,130
05/04/19 12:43:58,05/04/19 19:43:58,04/27/19 01:04:13,"ucsc","UC vs SUNY dilemma",bhttzo,clamyboy74,8011
05/04/19 12:43:58,05/04/19 19:43:58,04/27/19 00:52:28,"ucsc","sellin 2 chicano batman tix!",bhtq7i,macualli,16
05/04/19 12:43:58,05/04/19 19:43:58,04/27/19 00:48:55,"ucsc","Me During CE110 Midterm",bhtp2y,Poptartslayer21,57
05/04/19 12:43:58,05/04/19 19:43:58,04/27/19 00:48:20,"ucsc","Econ110 Managerial Accounting",bhtovu,wildoneforeverandeve,12
05/04/19 12:43:58,05/04/19 19:43:58,04/27/19 00:35:56,"ucsc","Econ 10B",bhtkr8,Call-Me-Superman,649
05/04/19 12:43:58,05/04/19 19:43:58,04/27/19 00:28:20,"ucsc","Kresge bridge smelling especially good rn🍁",bhti5f,miguelaa99,95
05/04/19 12:43:58,05/04/19 19:43:58,04/27/19 00:22:22,"ucsc","Lost a friends calculator after the midterm...in the span of 5 minutes",bhtg3s,Its_Dat_Doge,378
05/04/19 12:43:58,05/04/19 19:43:58,04/27/19 00:21:24,"ucsc","Question 2 on CE110 midterm",bhtftj,timc902809,567
05/04/19 12:43:58,05/04/19 19:43:58,04/26/19 22:34:38,"ucsc","ill have what everyone in the front row of phil 11 are having",bhsdtv,urbangroutfitters,155
05/04/19 12:43:58,05/04/19 19:43:58,04/26/19 21:55:27,"ucsc","Is There Not A Mail center for Students?",bhrz4s,sageypie5,11
05/04/19 12:43:58,05/04/19 19:43:58,04/26/19 21:31:52,"ucsc","May not be able to graduate missing IGETC certification and didnt realize",bhrq9o,recklessneverbroken,12
05/04/19 12:43:58,05/04/19 19:43:58,04/26/19 20:53:51,"ucsc","Micromanaging of Busses",bhrbmi,AnnaBrienn,87
05/04/19 12:43:58,05/04/19 19:43:58,04/26/19 20:06:08,"ucsc","How are Allen Van Gelders midterm?",bhqsz3,Lolitsgab,739
05/04/19 12:43:58,05/04/19 19:43:58,04/26/19 20:03:52,"ucsc","Is anybody ready for the Phys 5C midterm.",bhqs0k,BobSlugRoss,163
05/04/19 12:43:58,05/04/19 19:43:58,04/26/19 19:52:44,"ucsc","Multi-Cultural Festival Donations $1",bhqnmd,cielisho,18
05/04/19 12:54:59,05/04/19 19:54:59,05/04/19 19:51:03,"ucsc","Check from UCSC safe to cash in?",bkp1lx,ucsc_questions123121,1
05/04/19 12:54:59,05/04/19 19:54:59,05/04/19 19:50:01,"ucsc","Crown College Feedback",bkp187,chasingCheetah,18
05/04/19 15:35:48,05/04/19 22:35:48,05/04/19 22:35:34,"ucsc","UCSC Pro Life Hacks",bkqp40,rjsparno,277
05/04/19 16:33:46,05/04/19 23:33:46,05/04/19 23:33:11,"ucsc","move out",bkr8li,CommonFig,584
05/04/19 16:43:49,05/04/19 23:43:49,05/04/19 23:38:57,"ucsc","environment in mcd bio?",bkrago,assbutt12345,128
05/04/19 19:14:36,05/05/19 02:14:36,05/05/19 02:10:47,"ucsc","Anyone traveling to San Diego this month?",bksnw7,PleaseHelpMeLordAl,1
05/04/19 20:40:01,05/05/19 03:40:01,05/05/19 03:35:01,"ucsc","Student volunteer for commencement",bktdke,TigerlilyFawn,167
05/04/19 21:30:16,05/05/19 04:30:16,05/05/19 04:28:36,"ucsc","Question about those weed ‘SLUG posters at bus stops",bkttbp,Phiona986,1
05/04/19 23:00:45,05/05/19 06:00:45,05/05/19 05:56:42,"ucsc","MATH21 Linear Algebra Midterm with Chongying Dong",bkugnb,engulfedia,12
05/04/19 23:20:52,05/05/19 06:20:52,05/05/19 06:19:08,"ucsc","Is housing as bad as it sounds?",bkum7f,kamasola,6493
05/04/19 23:46:00,05/05/19 06:46:00,05/05/19 06:41:16,"ucsc","Quick question",bkur9d,ChessRoyale,124
05/04/19 23:52:29,05/05/19 06:52:29,05/05/19 06:47:19,"ucsc","What are some free (tuition money) stuff UCSC provides for students?",bkusmm,sarasorry,661
05/05/19 02:48:20,05/05/19 09:48:20,05/05/19 09:45:35,"ucsc","Room Selection Question",bkvzsv,SteezustChrist,25766
05/05/19 06:47:14,05/05/19 13:47:14,05/05/19 03:30:51,"ucsc","CMPS 11",bktca3,enwizzle,70
05/05/19 09:45:14,05/05/19 16:45:14,05/04/19 01:27:19,"ucsc","STARTS IN A HALF HOUR! all your fav ucsc acapella groups will be performing tonight 😍 come through @stevenson events center at 7pm 🎶 🎵",bkg0q0,viggiyer423,8
05/05/19 10:20:17,05/05/19 17:20:17,05/05/19 17:19:34,"ucsc","open cafes on weekends?",bl0cav,stripedjeans,2129
05/05/19 14:36:36,05/05/19 21:36:36,05/05/19 21:32:03,"ucsc","Paper clip",bl3c2e,Linkinpark22,141
05/05/19 14:58:01,05/05/19 21:58:01,05/05/19 21:53:24,"ucsc","SOCY 173X water and sanitation",bl3kp7,lakergang90210,264
05/05/19 15:39:43,05/05/19 22:39:43,05/05/19 22:39:22,"ucsc","Any tips on studying for the CS 182 midterm w/ Finkelstein?",bl42z5,SluggyNerdling,1974
05/05/19 17:25:29,05/06/19 00:25:29,05/06/19 00:20:54,"ucsc","DP/DR at UCSC?",bl54qq,catlov3r444,42
05/05/19 17:42:20,05/06/19 00:42:20,05/06/19 00:40:33,"ucsc","When do we find out summer housing info?",bl5bo6,pixiesnshit,1
05/05/19 18:22:32,05/06/19 01:22:32,05/06/19 01:19:02,"ucsc","CE100 Notes",bl5p5t,YellowSlugsss,1
05/05/19 18:52:41,05/06/19 01:52:41,05/05/19 20:26:15,"ucsc","Anybody else get this email from “CISCOSystems” - doesnt look too legit",bl2kyd,thegreenofyoureyes,300
05/05/19 19:32:53,05/06/19 02:32:53,05/06/19 02:31:36,"ucsc","Why is the supplies vending machine in McHenry always broken",bl6dtw,Phiona986,21
05/05/19 19:37:56,05/06/19 02:37:56,05/06/19 02:37:51,"ucsc","Uber protest",bl6g5d,flamespond,20408
05/05/19 19:44:04,05/06/19 02:44:04,05/06/19 02:39:18,"ucsc","Anyone on campus want to sesh?",bl6gpb,TigerlilyFawn,170
05/05/19 20:09:11,05/06/19 03:09:11,05/06/19 03:05:44,"ucsc","Cowell Apartments",bl6qjq,nkorytko,1
05/05/19 21:05:23,05/06/19 04:05:23,05/06/19 04:00:35,"ucsc","Stevenson house 2 flood?",bl7984,joeybab3,4111
05/05/19 23:46:52,05/06/19 06:46:52,05/06/19 06:42:56,"ucsc","Measure 73",bl8lyd,TheChaosCat,289
05/05/19 23:59:03,05/06/19 06:59:03,05/06/19 06:54:32,"ucsc","math23a online midterm!!",bl8peb,justaboutodo1,92
05/06/19 00:56:08,05/06/19 07:56:08,05/06/19 07:51:43,"ucsc","Anyone know what the best streets to sleep on are?",bl96hz,RealTalkThoMate,347
05/06/19 01:19:39,05/06/19 08:19:39,05/06/19 08:18:58,"ucsc","Physics Lab Struggles",bl9e7w,Crazywackymeme,4250
05/06/19 02:20:14,05/06/19 09:20:14,05/06/19 09:17:38,"ucsc","thrift shops",bl9ueo,userloser420,74
05/06/19 09:22:10,05/06/19 16:22:10,05/06/19 16:19:41,"ucsc","Yo can we have Jump-like Bikes integrated into TAPS",ble6yz,cyaaron,236
05/06/19 10:32:31,05/06/19 17:32:31,05/06/19 17:28:53,"ucsc","Is phil 11 section worth it to go?",blf1nv,ucsc123,286
05/06/19 10:32:31,05/06/19 17:32:31,05/06/19 17:28:20,"ucsc","Dorms and ESA Question",blf1ec,suspiciouschonker,2873
